wave,date,weekday,1,2,3,4,5,6,jackpot_number_of_prize,jackpot_value_of_prize,first_number_of_prize,first_value_of_prize,second_number_of_prize,second_value_of_prize,third_number_of_prize,third_value_of_prize
#00894,2022-05-29,sunday,2,6,19,24,30,42,0,14256983000,21,10000000,1003,300000,13916,30000
#00893,2022-05-27,friday,16,21,23,27,35,41,0,13079045500,25,10000000,784,300000,12281,30000
#00892,2022-05-25,wednesday,19,26,27,39,44,45,1,37336878000,28,10000000,1266,300000,21478,30000
#00891,2022-05-22,sunday,1,7,10,24,33,40,0,33635682500,29,10000000,1168,300000,18995,30000
#00890,2022-05-20,friday,12,17,34,39,44,45,0,30055438000,24,10000000,1065,300000,18205,30000
#00889,2022-05-18,wednesday,3,17,23,37,40,42,0,26804142000,27,10000000,1295,300000,19331,30000
#00888,2022-05-15,sunday,5,20,21,31,34,37,0,24169204000,19,10000000,984,300000,17246,30000
#00887,2022-05-13,friday,7,8,18,29,41,44,0,22293891500,25,10000000,969,300000,16983,30000
#00886,2022-05-11,wednesday,2,6,7,18,34,41,0,20622299500,30,10000000,1025,300000,17700,30000
#00885,2022-05-08,sunday,4,12,20,25,35,37,0,19023068000,17,10000000,994,300000,16140,30000
#00884,2022-05-06,friday,1,3,15,16,34,43,0,17465051000,17,10000000,876,300000,14878,30000
#00883,2022-05-04,wednesday,1,4,23,28,33,38,0,15915138500,17,10000000,874,300000,14422,30000
#00882,2022-05-01,sunday,8,21,26,35,37,42,0,14476477000,18,10000000,791,300000,12766,30000
#00881,2022-04-29,friday,5,12,16,25,26,32,0,13161021000,24,10000000,885,300000,13925,30000
#00880,2022-04-27,wednesday,3,9,14,17,27,32,1,36546933000,26,10000000,1540,300000,23355,30000
#00879,2022-04-24,sunday,9,12,23,30,32,40,0,32384289000,21,10000000,1274,300000,21604,30000
#00878,2022-04-22,friday,11,13,15,18,24,36,0,28476669500,17,10000000,1157,300000,19603,30000
#00877,2022-04-20,wednesday,1,8,17,21,27,37,0,26148270500,27,10000000,1180,300000,19371,30000
#00876,2022-04-17,sunday,5,13,15,28,38,40,0,24256968000,24,10000000,1198,300000,18932,30000
#00875,2022-04-15,friday,9,18,21,25,35,44,0,22501089500,20,10000000,1186,300000,18953,30000
#00874,2022-04-13,wednesday,1,7,20,25,40,41,0,20906620000,13,10000000,978,300000,16552,30000
#00873,2022-04-10,sunday,4,17,28,30,38,42,0,19102705000,22,10000000,1010,300000,16188,30000
#00872,2022-04-08,friday,2,13,16,19,20,36,0,17611855000,16,10000000,879,300000,14420,30000
#00871,2022-04-06,wednesday,13,17,19,25,32,45,0,16086020000,12,10000000,843,300000,14973,30000
#00870,2022-04-03,sunday,5,11,20,26,40,43,0,14573466500,18,10000000,836,300000,14127,30000
#00869,2022-04-01,friday,2,19,25,32,41,44,0,13219566000,18,10000000,771,300000,12527,30000
#00868,2022-03-30,wednesday,1,12,26,28,39,45,1,22422244500,32,10000000,1035,300000,17596,30000
#00867,2022-03-27,sunday,8,17,21,39,44,45,0,20912630500,23,10000000,1148,300000,17596,30000
#00866,2022-03-25,friday,1,12,13,27,29,35,0,19431284000,15,10000000,835,300000,14115,30000
#00865,2022-03-23,wednesday,2,9,37,38,40,43,0,17867079000,6,10000000,777,300000,14324,30000
#00864,2022-03-20,sunday,1,9,10,12,22,44,0,16182991000,24,10000000,1084,300000,16380,30000
#00863,2022-03-18,friday,6,10,15,29,41,42,0,14843907500,10,10000000,810,300000,13685,30000
#00862,2022-03-16,wednesday,10,11,14,24,31,45,0,13414721000,10,10000000,833,300000,14064,30000
#00861,2022-03-13,sunday,1,5,19,20,23,38,1,36253032000,16,10000000,1251,300000,20889,30000
#00860,2022-03-11,friday,6,20,23,29,34,45,0,32340443500,31,10000000,1096,300000,19395,30000
#00859,2022-03-09,wednesday,3,15,35,39,40,43,0,28814538500,21,10000000,1186,300000,20727,30000
#00858,2022-03-06,sunday,11,16,21,33,34,42,0,25072243500,15,10000000,1001,300000,18002,30000
#00857,2022-03-04,friday,3,19,21,24,27,38,0,23151086500,24,10000000,1104,300000,18734,30000
#00856,2022-03-02,wednesday,7,10,13,20,21,34,0,21457475500,16,10000000,957,300000,16922,30000
#00855,2022-02-27,thursday,10,20,25,27,38,45,0,19617776000,25,10000000,1024,300000,17110,30000
#00854,2022-02-25,tuesday,10,13,30,33,39,41,0,18128463500,24,10000000,888,300000,15187,30000
#00853,2022-02-23,sunday,2,16,18,19,24,29,0,16542911000,23,10000000,919,300000,16582,30000
#00852,2022-02-20,thursday,4,6,16,30,43,44,0,14939869500,15,10000000,886,300000,15115,30000
#00851,2022-02-18,tuesday,3,14,20,26,28,36,0,13446070000,17,10000000,897,300000,14896,30000
#00850,2022-02-16,sunday,2,5,8,16,22,42,1,43057471000,31,10000000,1816,300000,27072,30000
#00849,2022-02-13,thursday,14,21,22,24,28,45,0,38734645000,21,10000000,1217,300000,21289,30000
#00848,2022-02-11,tuesday,10,11,19,38,41,44,0,36100164000,37,10000000,1560,300000,25526,30000
#00847,2022-02-09,sunday,3,20,27,37,44,45,0,34007667500,29,10000000,1522,300000,24573,30000
#00846,2022-02-06,thursday,5,9,21,24,34,39,0,31614479500,25,10000000,1441,300000,22377,30000
#00845,2022-02-04,tuesday,11,16,18,38,40,43,0,29607165500,16,10000000,1046,300000,18580,30000
#00844,2022-02-02,sunday,5,6,14,20,31,38,0,27709922500,22,10000000,1056,300000,18957,30000
#00843,2022-01-30,friday,1,7,22,26,28,41,0,25769631000,29,10000000,1354,300000,21686,30000
#00842,2022-01-28,wednesday,4,6,12,26,27,39,0,23684465000,28,10000000,1502,300000,22442,30000
#00841,2022-01-26,monday,5,11,15,18,27,43,0,21964946000,32,10000000,1410,300000,21684,30000
#00840,2022-01-23,friday,13,20,24,32,34,40,0,20275298500,27,10000000,970,300000,16340,30000
#00839,2022-01-21,wednesday,1,13,17,24,27,42,0,18432653000,25,10000000,969,300000,16200,30000
#00838,2022-01-19,monday,14,21,25,34,37,39,0,16793959500,13,10000000,1021,300000,16442,30000
#00837,2022-01-16,friday,1,3,4,5,32,33,0,15005629500,15,10000000,971,300000,15122,30000
#00836,2022-01-14,wednesday,5,14,27,30,38,45,0,13303467000,29,10000000,1069,300000,16417,30000
#00835,2022-01-12,monday,3,6,13,15,36,44,1,23657658500,46,10000000,1362,300000,21287,30000
#00834,2022-01-09,friday,6,7,11,22,35,41,0,21975994000,31,10000000,1397,300000,21832,30000
#00833,2022-01-07,wednesday,10,13,24,28,38,44,0,20272931500,28,10000000,1063,300000,18275,30000
#00832,2022-01-05,monday,1,3,8,9,35,40,0,18547498500,20,10000000,969,300000,17593,30000
#00831,2022-01-02,friday,11,17,30,36,41,45,0,16699523500,23,10000000,1003,300000,16498,30000
#00830,2021-12-31,friday,2,5,12,33,41,45,0,15087497500,21,10000000,964,300000,15941,30000
#00829,2021-12-29,wednesday,5,27,33,34,38,40,0,13578555500,13,10000000,787,300000,14436,30000
#00828,2021-12-26,sunday,4,11,16,24,35,44,1,16762864500,23,10000000,1166,300000,18758,30000
#00827,2021-12-24,friday,3,17,25,26,36,38,0,15138833000,16,10000000,928,300000,16116,30000
#00826,2021-12-22,wednesday,8,16,17,23,28,38,0,13485049000,19,10000000,1053,300000,17156,30000
#00825,2021-12-19,sunday,12,15,24,30,36,45,1,20636521000,31,10000000,1213,300000,19203,30000
#00824,2021-12-17,friday,8,15,16,21,25,33,0,18887000500,23,10000000,1044,300000,17892,30000
#00823,2021-12-15,wednesday,3,18,29,30,39,41,0,17097562500,13,10000000,1071,300000,17477,30000
#00822,2021-12-12,sunday,16,21,29,40,41,43,0,15281516500,17,10000000,965,300000,16237,30000
#00821,2021-12-10,friday,1,4,17,19,24,42,0,13578476000,13,10000000,928,300000,15479,30000
#00820,2021-12-08,wednesday,2,3,16,19,22,34,1,98295409000,53,10000000,2046,300000,35683,30000
#00819,2021-12-05,sunday,3,5,6,31,34,35,0,90627189000,41,10000000,1988,300000,35904,30000
#00818,2021-12-03,friday,10,14,29,37,38,40,0,83634807000,23,10000000,1568,300000,29952,30000
#00817,2021-12-01,wednesday,8,9,30,31,38,45,0,77215625000,38,10000000,1789,300000,31669,30000
#00816,2021-11-28,sunday,13,17,26,27,31,37,0,71075874500,49,10000000,2297,300000,35169,30000
#00815,2021-11-26,friday,4,18,25,29,32,34,0,65028430500,34,10000000,1471,300000,26760,30000
#00814,2021-11-24,wednesday,2,10,18,23,34,36,0,59369630000,39,10000000,1705,300000,28085,30000
#00813,2021-11-21,sunday,1,12,29,40,44,45,0,53981901500,34,10000000,1701,300000,27481,30000
#00812,2021-11-19,friday,9,10,26,28,39,43,0,49093217500,43,10000000,1622,300000,26009,30000
#00811,2021-11-17,wednesday,4,15,25,26,32,35,0,44760096500,19,10000000,1474,300000,23654,30000
#00810,2021-11-14,sunday,3,5,18,28,42,43,0,40056685000,32,10000000,1282,300000,21647,30000
#00809,2021-11-12,friday,11,14,18,24,35,37,0,35913676000,26,10000000,1182,300000,19640,30000
#00808,2021-11-10,wednesday,17,18,19,20,27,44,0,32121468500,30,10000000,1174,300000,19574,30000
#00807,2021-11-07,sunday,5,20,24,25,35,36,0,28473605000,16,10000000,1030,300000,17718,30000
#00806,2021-11-05,friday,10,16,36,40,41,42,0,24823862000,27,10000000,1125,300000,16896,30000
#00805,2021-11-03,wednesday,3,13,15,23,24,44,0,23137555500,18,10000000,947,300000,16944,30000
#00804,2021-10-31,sunday,9,14,17,18,36,41,0,21433245500,16,10000000,1072,300000,16772,30000
#00803,2021-10-29,friday,17,19,22,31,32,34,0,19914830000,13,10000000,834,300000,13340,30000
#00802,2021-10-27,wednesday,13,17,26,29,33,39,0,18378377000,29,10000000,913,300000,15036,30000
#00801,2021-10-24,sunday,6,29,31,32,39,44,0,17106173500,24,10000000,782,300000,13841,30000
#00800,2021-10-22,friday,3,5,6,9,28,43,0,15801269000,11,10000000,773,300000,14206,30000
#00799,2021-10-20,wednesday,5,9,33,40,41,45,0,14504128500,14,10000000,828,300000,13446,30000
#00798,2021-10-17,sunday,4,12,21,22,27,40,0,13176319000,25,10000000,793,300000,13242,30000
#00797,2021-10-15,friday,5,13,17,20,29,45,1,30980331000,18,10000000,1195,300000,17257,30000
#00796,2021-10-13,wednesday,20,34,37,39,41,42,0,27804912500,14,10000000,822,300000,15428,30000
#00795,2021-10-10,sunday,3,25,26,29,40,42,0,24429731000,24,10000000,939,300000,15257,30000
#00794,2021-10-08,friday,4,13,18,23,33,43,0,22803507000,36,10000000,1187,300000,15500,30000
#00793,2021-10-06,wednesday,9,11,15,20,32,36,0,21685002000,12,10000000,967,300000,14737,30000
#00792,2021-10-03,sunday,6,12,28,30,39,42,0,20403874500,6,10000000,709,300000,12096,30000
#00791,2021-10-01,friday,11,15,17,27,28,45,0,19241396000,18,10000000,701,300000,11189,30000
#00790,2021-09-29,wednesday,6,15,16,27,36,42,0,18375874000,16,10000000,799,300000,12748,30000
#00789,2021-09-26,sunday,13,27,34,35,36,41,0,17252470500,12,10000000,704,300000,10302,30000
#00788,2021-09-24,friday,1,4,7,14,16,41,0,16086062000,18,10000000,635,300000,9897,30000
#00787,2021-09-22,wednesday,5,10,19,22,36,45,0,15141186500,26,10000000,918,300000,12187,30000
#00786,2021-09-19,sunday,6,24,28,31,36,43,0,14451502500,7,10000000,548,300000,9519,30000
#00785,2021-09-17,friday,6,10,15,37,39,44,0,13530158500,7,10000000,577,300000,8982,30000
#00784,2021-09-15,wednesday,11,14,17,24,29,35,0,12731541500,13,10000000,483,300000,7669,30000
#00783,2021-09-12,sunday,4,8,21,29,33,45,2,14139591250,23,10000000,750,300000,11647,30000
#00782,2021-09-10,friday,10,16,22,36,43,44,0,26526202500,13,10000000,480,300000,9179,30000
#00781,2021-09-08,wednesday,4,18,28,32,36,40,0,24753445000,11,10000000,560,300000,9398,30000
#00780,2021-09-05,sunday,15,18,25,27,29,34,0,23703678500,10,10000000,448,300000,7674,30000
#00779,2021-09-03,friday,6,11,18,23,32,44,0,22852645000,11,10000000,589,300000,8794,30000
#00778,2021-09-01,wednesday,6,13,33,34,40,45,0,22155215500,9,10000000,446,300000,8169,30000
#00777,2021-08-29,sunday,1,18,21,25,27,35,0,21293308500,4,10000000,409,300000,6986,30000
#00776,2021-08-27,friday,4,10,11,15,24,37,0,20426007500,11,10000000,516,300000,8176,30000
#00775,2021-08-25,wednesday,1,3,5,17,22,33,0,19773149500,12,10000000,463,300000,7924,30000
#00774,2021-08-22,sunday,6,7,18,25,40,43,0,19055917000,11,10000000,406,300000,6837,30000
#00773,2021-08-20,friday,4,8,17,27,32,36,0,18472892000,3,10000000,362,300000,5695,30000
#00772,2021-08-18,wednesday,10,16,19,27,28,36,0,17869440500,19,10000000,653,300000,9973,30000
#00771,2021-07-23,friday,19,26,31,33,41,42,0,17106759000,17,10000000,609,300000,9659,30000
#00770,2021-07-21,wednesday,8,10,12,29,34,37,0,16087964500,15,10000000,652,300000,10877,30000
#00769,2021-07-18,sunday,3,8,19,21,25,36,0,15017833500,19,10000000,844,300000,13262,30000
#00768,2021-07-16,friday,1,9,18,26,41,45,0,13992056500,23,10000000,831,300000,12090,30000
#00767,2021-07-14,wednesday,4,11,22,29,37,43,0,13052822500,15,10000000,793,300000,11732,30000
#00766,2021-07-11,sunday,2,8,15,17,19,30,1,35050968000,14,10000000,1049,300000,17162,30000
#00765,2021-07-09,friday,4,9,17,18,28,32,0,32309994000,23,10000000,1136,300000,18237,30000
#00764,2021-07-07,wednesday,1,6,13,30,34,43,0,30668735000,15,10000000,929,300000,17106,30000
#00763,2021-07-04,sunday,3,14,15,21,26,37,0,28743212000,32,10000000,972,300000,16393,30000
#00762,2021-07-02,friday,1,14,15,18,32,45,0,27110872500,13,10000000,937,300000,15812,30000
#00761,2021-06-30,wednesday,2,5,6,8,10,32,0,25400284500,13,10000000,1040,300000,16658,30000
#00760,2021-06-27,sunday,5,10,29,37,42,44,0,23704232000,27,10000000,977,300000,16751,30000
#00759,2021-06-25,friday,3,5,6,23,24,39,0,22185507500,10,10000000,942,300000,16641,30000
#00758,2021-06-23,wednesday,4,7,20,28,33,41,0,20526628000,13,10000000,910,300000,15594,30000
#00757,2021-06-20,sunday,10,24,27,42,43,45,0,18982427000,23,10000000,802,300000,14467,30000
#00756,2021-06-18,friday,10,11,28,29,40,42,0,17563534000,20,10000000,765,300000,13592,30000
#00755,2021-06-16,wednesday,11,19,24,28,31,39,0,16164413000,16,10000000,969,300000,15590,30000
#00754,2021-06-13,sunday,3,10,12,13,36,44,0,14815632000,11,10000000,803,300000,14088,30000
#00753,2021-06-11,friday,8,12,13,14,32,40,0,13438632000,5,10000000,685,300000,12408,30000
#00752,2021-06-09,wednesday,2,7,18,20,24,36,1,29292855500,22,10000000,1216,300000,18521,30000
#00751,2021-06-06,sunday,5,7,10,13,14,42,0,27467427500,24,10000000,1027,300000,17741,30000
#00750,2021-06-04,friday,19,24,31,32,35,36,0,25695873500,17,10000000,940,300000,15583,30000
#00749,2021-06-02,wednesday,10,20,22,26,31,42,0,23915617500,17,10000000,925,300000,15753,30000
#00748,2021-05-30,sunday,7,10,19,30,40,45,0,22221494500,32,10000000,1201,300000,18144,30000
#00747,2021-05-28,friday,2,15,33,41,44,45,0,20863349000,19,10000000,791,300000,14647,30000
#00746,2021-05-26,wednesday,1,10,22,36,38,45,0,19252692500,21,10000000,868,300000,15480,30000
#00745,2021-05-23,sunday,11,14,22,26,29,44,0,17658371500,15,10000000,912,300000,15456,30000
#00744,2021-05-21,friday,4,28,37,38,40,42,0,16169239000,15,10000000,762,300000,13749,30000
#00743,2021-05-19,wednesday,3,12,23,29,33,34,0,14639616500,14,10000000,917,300000,14619,30000
#00742,2021-05-16,sunday,13,23,33,37,40,43,0,13202141000,25,10000000,846,300000,12520,30000
#00741,2021-05-14,friday,3,11,16,20,24,30,1,13242112000,21,10000000,889,300000,14264,30000
#00740,2021-05-12,wednesday,9,15,22,27,34,42,1,70068418000,65,10000000,2160,300000,34812,30000
#00739,2021-05-09,sunday,1,7,16,24,27,37,0,63700477500,48,10000000,1806,300000,30099,30000
#00738,2021-05-07,friday,10,20,21,27,33,34,0,58038778500,27,10000000,1433,300000,27001,30000
#00737,2021-05-05,wednesday,3,14,20,22,37,44,0,52338709000,29,10000000,1440,300000,24095,30000
#00736,2021-05-02,sunday,7,8,30,35,40,44,0,47209898500,12,10000000,1302,300000,21957,30000
#00735,2021-04-30,friday,3,4,20,21,36,41,0,42764126500,12,10000000,1343,300000,20306,30000
#00734,2021-04-28,wednesday,21,39,40,41,43,45,0,38903466000,27,10000000,1113,300000,18245,30000
#00733,2021-04-25,sunday,8,19,21,28,32,44,0,34931499000,31,10000000,1216,300000,20201,30000
#00732,2021-04-23,friday,13,16,18,22,34,39,0,31264325500,30,10000000,1068,300000,18189,30000
#00731,2021-04-21,wednesday,3,12,19,27,32,35,0,27861050500,22,10000000,1554,300000,20118,30000
#00730,2021-04-18,sunday,7,9,15,23,26,27,0,26021983000,34,10000000,1272,300000,20410,30000
#00729,2021-04-16,friday,8,9,11,28,30,39,0,24454960500,30,10000000,1379,300000,20617,30000
#00728,2021-04-14,wednesday,11,12,16,18,33,35,0,22996078000,24,10000000,986,300000,18525,30000
#00727,2021-04-11,sunday,3,23,27,32,34,39,0,21251858000,14,10000000,986,300000,16260,30000
#00726,2021-04-09,friday,3,4,8,17,19,37,0,19524873000,28,10000000,1147,300000,17684,30000
#00725,2021-04-07,wednesday,13,15,19,25,33,34,0,18118581500,25,10000000,1131,300000,16570,30000
#00724,2021-04-04,sunday,5,20,27,30,38,43,0,16652715000,17,10000000,793,300000,14560,30000
#00723,2021-04-02,friday,1,5,9,16,42,44,0,15060673000,16,10000000,806,300000,15158,30000
#00722,2021-03-31,wednesday,2,4,6,36,41,42,0,13536495500,13,10000000,752,300000,13976,30000
#00721,2021-03-28,sunday,23,26,40,41,43,44,1,23503378500,15,10000000,988,300000,16971,30000
#00720,2021-03-26,friday,2,11,15,18,23,42,0,21504845500,19,10000000,1119,300000,19008,30000
#00719,2021-03-24,wednesday,7,14,23,26,37,39,0,19644598000,22,10000000,1259,300000,19896,30000
#00718,2021-03-21,sunday,8,9,11,31,36,39,0,17995687000,16,10000000,1069,300000,17102,30000
#00717,2021-03-19,friday,5,6,24,34,36,37,0,16456035000,13,10000000,848,300000,14548,30000
#00716,2021-03-17,wednesday,6,11,26,28,36,41,0,14817761000,21,10000000,1012,300000,15895,30000
#00715,2021-03-14,sunday,1,9,11,32,34,42,0,13364217000,24,10000000,900,300000,14636,30000
#00714,2021-03-12,friday,5,11,17,34,38,42,1,40180868000,21,10000000,1424,300000,22761,30000
#00713,2021-03-10,wednesday,5,14,15,19,25,33,0,37799084500,28,10000000,1488,300000,25107,30000
#00712,2021-03-07,sunday,4,12,25,28,33,45,0,35534020000,23,10000000,1422,300000,22546,30000
#00711,2021-03-05,friday,9,11,13,21,27,41,0,33427077500,30,10000000,1533,300000,23867,30000
#00710,2021-03-03,wednesday,1,20,28,37,40,44,0,31633445000,20,10000000,1114,300000,19595,30000
#00709,2021-02-28,thursday,4,5,25,28,29,42,0,29467504000,24,10000000,1207,300000,20080,30000
#00708,2021-02-26,tuesday,11,13,19,27,37,41,0,27697196500,22,10000000,1183,300000,20043,30000
#00707,2021-02-24,sunday,2,13,19,33,40,43,0,25868493000,20,10000000,1096,300000,18585,30000
#00706,2021-02-21,thursday,6,7,22,24,27,37,0,23887950500,24,10000000,1269,300000,21651,30000
#00705,2021-02-19,tuesday,12,19,22,23,34,44,0,21767678000,27,10000000,1167,300000,19417,30000
#00704,2021-02-17,sunday,3,18,21,22,36,44,0,20047161500,22,10000000,1347,300000,19360,30000
#00703,2021-02-14,thursday,3,13,18,21,39,44,0,18057569500,23,10000000,973,300000,15597,30000
#00702,2021-02-10,sunday,8,13,18,19,21,24,0,16640737500,18,10000000,987,300000,17184,30000
#00701,2021-02-07,thursday,1,4,7,15,41,42,0,14949740500,20,10000000,877,300000,15583,30000
#00700,2021-02-05,tuesday,2,8,31,32,42,44,0,13433505000,12,10000000,851,300000,13154,30000
#00699,2021-02-03,sunday,7,9,14,23,35,41,1,24820198500,37,10000000,1426,300000,21022,30000
#00698,2021-01-31,friday,4,6,7,11,34,41,0,23187996000,21,10000000,1007,300000,17520,30000
#00697,2021-01-29,wednesday,6,7,8,29,35,39,0,21357120500,20,10000000,1054,300000,18157,30000
#00696,2021-01-27,monday,1,7,11,28,41,44,0,19736887000,14,10000000,1155,300000,18049,30000
#00695,2021-01-24,friday,8,9,23,25,31,32,0,17985612000,19,10000000,987,300000,16863,30000
#00694,2021-01-22,wednesday,1,6,7,20,28,43,0,16469103000,12,10000000,912,300000,15377,30000
#00693,2021-01-20,monday,7,20,29,30,40,45,0,14904372000,19,10000000,996,300000,15230,30000
#00692,2021-01-17,friday,4,5,32,39,40,42,0,13432888000,13,10000000,738,300000,13229,30000
#00691,2021-01-15,wednesday,4,6,10,13,26,43,1,13284139000,20,10000000,891,300000,13949,30000
#00690,2021-01-13,monday,19,20,21,28,33,41,1,19778012000,17,10000000,929,300000,16505,30000
#00689,2021-01-10,friday,10,11,22,32,38,43,0,18016946500,19,10000000,983,300000,16356,30000
#00688,2021-01-08,wednesday,8,19,22,25,32,35,0,16509836500,17,10000000,868,300000,15534,30000
#00687,2021-01-06,monday,22,27,30,35,40,45,0,15043389000,26,10000000,866,300000,14412,30000
#00686,2021-01-03,friday,4,31,34,36,40,43,0,13599620500,12,10000000,869,300000,13666,30000
#00685,2021-01-01,wednesday,10,16,24,26,30,32,1,100379870000,123,10000000,3167,300000,44092,30000
#00684,2020-12-30,wednesday,1,13,20,26,35,37,0,93092703500,54,10000000,2536,300000,41976,30000
#00683,2020-12-27,sunday,3,11,17,19,34,39,0,85542628500,39,10000000,2167,300000,34272,30000
#00682,2020-12-25,friday,6,12,15,22,33,39,0,79257983500,47,10000000,2089,300000,34899,30000
#00681,2020-12-23,wednesday,7,11,17,31,35,40,0,73587193000,27,10000000,1647,300000,29666,30000
#00680,2020-12-20,sunday,15,18,28,30,34,44,0,67862170500,39,10000000,1876,300000,27842,30000
#00679,2020-12-18,friday,4,9,14,23,32,38,0,62918148000,35,10000000,1878,300000,28033,30000
#00678,2020-12-16,wednesday,10,11,22,27,36,41,0,58449750000,35,10000000,1359,300000,22947,30000
#00677,2020-12-13,sunday,10,12,20,36,41,44,0,53778716000,24,10000000,1297,300000,22820,30000
#00676,2020-12-11,friday,23,24,25,35,37,39,0,49475568500,19,10000000,1116,300000,21033,30000
#00675,2020-12-09,wednesday,16,24,27,31,36,43,0,45377214000,22,10000000,1134,300000,19419,30000
#00674,2020-12-06,sunday,11,21,24,27,29,37,0,41344297000,19,10000000,1081,300000,18516,30000
#00673,2020-12-04,friday,3,5,33,37,41,43,0,37621514500,18,10000000,1050,300000,16889,30000
#00672,2020-12-02,wednesday,4,5,7,10,25,39,0,34216388000,23,10000000,1134,300000,19468,30000
#00671,2020-11-29,sunday,6,7,14,18,37,43,0,32487853000,23,10000000,1023,300000,17211,30000
#00670,2020-11-27,friday,1,9,12,13,37,43,0,30862326500,23,10000000,954,300000,16447,30000
#00669,2020-11-25,wednesday,1,5,7,8,25,40,0,29360095000,8,10000000,1024,300000,17586,30000
#00668,2020-11-22,sunday,9,16,17,24,32,40,0,27655191500,21,10000000,947,300000,15255,30000
#00667,2020-11-20,friday,2,17,24,29,31,37,0,26126425000,20,10000000,835,300000,13742,30000
#00666,2020-11-18,wednesday,18,19,21,31,39,44,0,24618929000,23,10000000,1015,300000,16202,30000
#00665,2020-11-15,sunday,14,16,21,29,40,41,0,23148689500,16,10000000,843,300000,14669,30000
#00664,2020-11-13,friday,8,22,23,33,34,36,0,21632894500,16,10000000,810,300000,13540,30000
#00663,2020-11-11,wednesday,4,10,12,17,20,35,0,20122882500,9,10000000,951,300000,15281,30000
#00662,2020-11-08,sunday,3,12,14,16,23,33,0,18724109500,20,10000000,930,300000,14733,30000
#00661,2020-11-06,friday,19,24,30,32,36,37,0,17496992000,12,10000000,754,300000,12378,30000
#00660,2020-11-04,wednesday,3,8,11,13,26,38,0,16175474000,33,10000000,1024,300000,14564,30000
#00659,2020-11-01,sunday,6,21,27,30,32,44,0,15227119000,19,10000000,684,300000,11520,30000
#00658,2020-10-30,friday,4,5,14,18,23,43,0,14044809000,12,10000000,790,300000,12456,30000
#00657,2020-10-28,wednesday,1,4,7,15,35,45,0,13017582500,13,10000000,686,300000,11869,30000
#00656,2020-10-25,sunday,11,19,30,38,41,45,1,15469693500,12,10000000,747,300000,12376,30000
#00655,2020-10-23,friday,5,10,16,23,34,45,0,14262597000,16,10000000,757,300000,12730,30000
#00654,2020-10-21,wednesday,4,11,26,36,38,41,0,13214173000,9,10000000,622,300000,10869,30000
#00653,2020-10-18,sunday,1,14,25,26,30,40,1,24736948000,16,10000000,818,300000,13629,30000
#00652,2020-10-16,friday,4,14,16,23,24,27,0,23175596500,13,10000000,804,300000,14389,30000
#00651,2020-10-14,wednesday,4,7,23,32,43,44,0,21714617500,30,10000000,955,300000,14802,30000
#00650,2020-10-11,sunday,12,18,28,31,40,45,0,20556242500,23,10000000,816,300000,14200,30000
#00649,2020-10-09,friday,15,19,23,30,33,39,0,19233191500,16,10000000,702,300000,13083,30000
#00648,2020-10-07,wednesday,13,15,25,26,28,34,0,17933889000,8,10000000,741,300000,12384,30000
#00647,2020-10-04,sunday,9,16,19,25,26,39,0,16586431000,21,10000000,903,300000,14560,30000
#00646,2020-10-02,friday,9,11,21,31,32,37,0,15499943500,10,10000000,629,300000,11077,30000
#00645,2020-09-30,wednesday,2,5,31,32,42,44,0,14253385000,15,10000000,690,300000,11080,30000
#00644,2020-09-27,sunday,1,12,26,31,37,38,0,13062466000,18,10000000,783,300000,11192,30000
#00643,2020-09-25,friday,14,20,22,35,44,45,1,39137122000,14,10000000,1091,300000,18180,30000
#00642,2020-09-23,wednesday,2,8,17,23,30,41,0,35907292500,27,10000000,1057,300000,17060,30000
#00641,2020-09-20,sunday,5,7,9,13,15,16,0,32667127000,39,10000000,1361,300000,18706,30000
#00640,2020-09-18,friday,10,19,21,23,27,33,0,31378564000,20,10000000,872,300000,15537,30000
#00639,2020-09-16,wednesday,5,20,29,30,38,40,0,29847296500,27,10000000,976,300000,16185,30000
#00638,2020-09-13,sunday,20,23,28,37,40,44,0,28258554000,10,10000000,854,300000,15135,30000
#00637,2020-09-11,friday,4,11,13,16,17,33,0,26560368000,18,10000000,878,300000,15083,30000
#00636,2020-09-09,wednesday,19,21,34,35,36,39,0,25062356000,16,10000000,867,300000,14630,30000
#00635,2020-09-06,sunday,1,6,19,29,31,44,0,23500560000,14,10000000,944,300000,15463,30000
#00634,2020-09-04,friday,7,16,20,30,40,41,0,22097628000,12,10000000,756,300000,13166,30000
#00633,2020-09-02,wednesday,8,10,14,16,18,24,0,20638279000,11,10000000,920,300000,13588,30000
#00632,2020-08-30,sunday,6,8,18,19,29,33,0,19318430000,15,10000000,912,300000,14327,30000
#00631,2020-08-28,friday,10,11,14,23,27,37,0,18106010500,14,10000000,670,300000,11789,30000
#00630,2020-08-26,wednesday,2,18,24,28,35,42,0,16963660000,17,10000000,873,300000,14051,30000
#00629,2020-08-23,sunday,10,14,19,25,36,39,0,15667908000,20,10000000,834,300000,13792,30000
#00628,2020-08-21,friday,7,8,26,30,37,43,0,14448262000,15,10000000,736,300000,12283,30000
#00627,2020-08-19,wednesday,7,20,36,37,43,45,0,13211329500,16,10000000,682,300000,12466,30000
#00626,2020-08-16,sunday,2,5,6,20,33,39,1,17198203500,7,10000000,729,300000,13507,30000
#00625,2020-08-14,friday,9,18,21,24,34,41,0,15762353000,13,10000000,738,300000,12530,30000
#00624,2020-08-12,wednesday,7,21,34,38,43,44,0,14457721000,22,10000000,790,300000,13278,30000
#00623,2020-08-09,sunday,11,13,14,43,44,45,0,13221947500,23,10000000,740,300000,12506,30000
#00622,2020-08-07,friday,17,26,35,40,43,44,1,70360287500,36,10000000,1802,300000,27471,30000
#00621,2020-08-05,wednesday,14,18,19,32,33,38,0,65070796000,39,10000000,1602,300000,26088,30000
#00620,2020-08-02,sunday,6,9,12,17,41,42,0,60108410500,18,10000000,1241,300000,22805,30000
#00619,2020-07-31,friday,4,9,19,29,36,41,0,55804881000,29,10000000,1515,300000,24155,30000
#00618,2020-07-29,wednesday,6,14,26,41,42,43,0,51471624500,40,10000000,1562,300000,23332,30000
#00617,2020-07-26,sunday,5,15,21,39,43,45,0,47551547500,38,10000000,1428,300000,21309,30000
#00616,2020-07-24,friday,4,25,31,35,39,41,0,44043448000,19,10000000,1003,300000,17650,30000
#00615,2020-07-22,wednesday,9,13,18,24,26,42,0,40417844000,27,10000000,1280,300000,20333,30000
#00614,2020-07-19,sunday,1,13,14,19,42,45,0,36823607000,19,10000000,949,300000,18027,30000
#00613,2020-07-17,friday,4,10,18,20,32,45,0,33354961500,25,10000000,1350,300000,18291,30000
#00612,2020-07-15,wednesday,10,11,18,19,20,45,0,30337936500,27,10000000,1166,300000,18372,30000
#00611,2020-07-12,sunday,2,15,21,27,31,35,0,27309454000,23,10000000,884,300000,14811,30000
#00610,2020-07-10,friday,18,20,22,33,35,39,0,24662886500,21,10000000,884,300000,14644,30000
#00609,2020-07-08,wednesday,14,15,17,21,31,38,0,23096788500,12,10000000,859,300000,14093,30000
#00608,2020-07-05,sunday,5,8,10,17,22,31,0,21412184000,16,10000000,892,300000,14858,30000
#00607,2020-07-03,friday,4,5,17,18,22,36,0,19920010500,37,10000000,930,300000,14276,30000
#00606,2020-07-01,wednesday,10,13,14,26,32,33,0,18717334500,11,10000000,729,300000,14071,30000
#00605,2020-06-28,sunday,4,15,24,36,37,41,0,17173729000,21,10000000,849,300000,13004,30000
#00604,2020-06-26,friday,9,23,27,30,38,41,0,15917912500,18,10000000,738,300000,12926,30000
#00603,2020-06-24,wednesday,7,17,18,32,39,40,0,14614719000,7,10000000,768,300000,12902,30000
#00602,2020-06-21,sunday,7,9,13,33,40,44,0,13220130500,22,10000000,883,300000,14258,30000
#00601,2020-06-19,friday,4,12,17,19,32,45,2,45684111000,45,10000000,2219,300000,35925,30000
#00600,2020-06-17,wednesday,7,16,28,33,34,45,0,84946818500,39,10000000,1936,300000,33745,30000
#00599,2020-06-14,sunday,19,22,24,41,44,45,0,78571404000,46,10000000,1911,300000,29107,30000
#00598,2020-06-12,friday,5,16,22,27,30,31,0,73475094000,36,10000000,1612,300000,26216,30000
#00597,2020-06-10,wednesday,2,11,23,25,26,35,0,68049543000,29,10000000,1674,300000,28765,30000
#00596,2020-06-07,sunday,6,7,11,16,23,44,0,62815156500,53,10000000,2326,300000,31276,30000
#00595,2020-06-05,friday,10,13,22,28,38,43,0,58798582000,34,10000000,1393,300000,22956,30000
#00594,2020-06-03,wednesday,1,15,17,19,40,43,0,54279268000,25,10000000,1241,300000,21772,30000
#00593,2020-05-31,sunday,1,6,13,27,35,40,0,49640083000,26,10000000,1327,300000,20992,30000
#00592,2020-05-29,friday,4,10,23,26,35,37,0,45537563500,24,10000000,1270,300000,20871,30000
#00591,2020-05-27,wednesday,6,15,29,30,37,42,0,41676491500,21,10000000,1155,300000,20938,30000
#00590,2020-05-24,sunday,1,29,30,32,34,35,0,37678580500,25,10000000,879,300000,16725,30000
#00589,2020-05-22,friday,3,8,19,28,35,41,0,33938516000,28,10000000,1229,300000,19443,30000
#00588,2020-05-20,wednesday,1,8,15,23,25,39,0,32194354500,40,10000000,1292,300000,20040,30000
#00587,2020-05-17,sunday,2,4,21,30,33,37,0,30660959000,25,10000000,904,300000,15472,30000
#00586,2020-05-15,friday,3,12,13,28,33,36,0,28926318500,31,10000000,1099,300000,17738,30000
#00585,2020-05-13,wednesday,6,20,21,35,40,45,0,27388276500,27,10000000,1183,300000,18134,30000
#00584,2020-05-10,sunday,7,9,23,32,33,37,0,25796746500,17,10000000,1014,300000,17364,30000
#00583,2020-05-08,friday,1,3,7,12,22,25,0,24151984500,25,10000000,1142,300000,17075,30000
#00582,2020-05-06,wednesday,3,18,25,29,30,44,0,22721676000,20,10000000,962,300000,16088,30000
#00581,2020-05-03,sunday,5,18,29,32,38,44,0,21141122000,16,10000000,806,300000,14384,30000
#00580,2020-05-01,friday,6,7,16,37,40,44,0,19664130500,11,10000000,710,300000,12607,30000
#00579,2020-04-29,wednesday,1,8,11,13,15,32,0,18366851000,8,10000000,942,300000,15272,30000
#00578,2020-04-26,sunday,5,25,30,36,37,41,0,16901292000,15,10000000,689,300000,12086,30000
#00577,2020-04-24,friday,10,31,37,39,40,43,0,15554413500,10,10000000,621,300000,10628,30000
#00576,2020-03-29,sunday,7,10,23,36,39,44,0,14287347500,6,10000000,664,300000,11464,30000
#00575,2020-03-27,friday,1,6,10,35,36,45,0,13089171500,12,10000000,661,300000,11442,30000
#00574,2020-03-25,wednesday,26,31,33,37,38,45,1,15800249000,12,10000000,675,300000,11957,30000
#00573,2020-03-22,sunday,2,10,19,22,24,29,0,14394846500,10,10000000,875,300000,13961,30000
#00572,2020-03-20,friday,8,23,29,37,39,44,0,13176623000,13,10000000,773,300000,12383,30000
#00571,2020-03-18,wednesday,6,21,30,37,38,45,1,62684211000,13,10000000,1219,300000,22398,30000
#00570,2020-03-15,sunday,4,7,11,17,19,31,0,57959783500,31,10000000,1588,300000,24547,30000
#00569,2020-03-13,friday,8,13,20,28,35,45,0,53983116000,33,10000000,1581,300000,24725,30000
#00568,2020-03-11,wednesday,12,16,29,35,37,44,0,50186438500,23,10000000,1418,300000,22113,30000
#00567,2020-03-08,sunday,3,13,17,19,21,43,0,46265120000,30,10000000,1300,300000,20998,30000
#00566,2020-03-06,friday,6,9,10,16,26,42,0,42660497500,33,10000000,1323,300000,21204,30000
#00565,2020-03-04,wednesday,1,7,17,24,35,41,0,39345173500,32,10000000,1209,300000,19063,30000
#00564,2020-03-01,sunday,1,6,7,13,26,39,0,36055064000,25,10000000,997,300000,17870,30000
#00563,2020-02-28,wednesday,2,19,23,27,29,38,0,32941839000,13,10000000,930,300000,16671,30000
#00562,2020-02-26,monday,2,10,12,20,24,39,0,29761306500,35,10000000,1238,300000,18771,30000
#00561,2020-02-23,friday,1,6,16,23,34,42,0,26980902000,21,10000000,1049,300000,16421,30000
#00560,2020-02-21,wednesday,13,15,22,28,29,41,0,24507303500,19,10000000,787,300000,13993,30000
#00559,2020-02-19,monday,1,16,23,25,30,38,0,22971905500,21,10000000,847,300000,15646,30000
#00558,2020-02-16,friday,1,4,14,36,37,41,0,21451490000,13,10000000,759,300000,12677,30000
#00557,2020-02-14,wednesday,4,14,24,32,36,43,0,19896006000,32,10000000,958,300000,14674,30000
#00556,2020-02-12,monday,5,13,16,20,24,35,0,18686469000,18,10000000,891,300000,14790,30000
#00555,2020-02-09,friday,1,4,18,22,26,35,0,17272512500,8,10000000,935,300000,13757,30000
#00554,2020-02-07,wednesday,6,11,15,33,40,44,0,15894979500,25,10000000,833,300000,13487,30000
#00553,2020-02-05,monday,9,19,24,37,38,45,0,14716702500,15,10000000,900,300000,15353,30000
#00552,2020-02-02,friday,1,4,16,32,35,38,0,13410590500,7,10000000,787,300000,12887,30000
#00551,2020-01-31,thursday,8,9,20,25,30,40,1,39393760000,30,10000000,1398,300000,20904,30000
#00550,2020-01-29,tuesday,3,10,16,24,39,44,0,35767812500,18,10000000,1034,300000,16394,30000
#00549,2020-01-26,saturday,4,5,9,25,33,37,0,32663745000,30,10000000,1183,300000,18837,30000
#00548,2020-01-22,tuesday,1,15,16,34,36,42,0,29298454500,23,10000000,1058,300000,18459,30000
#00547,2020-01-19,saturday,1,4,19,25,35,39,0,25510108000,31,10000000,1251,300000,19337,30000
#00546,2020-01-17,thursday,8,26,28,37,40,42,0,23200768000,24,10000000,1044,300000,18296,30000
#00545,2020-01-15,tuesday,2,8,19,31,38,44,0,21510758000,29,10000000,1037,300000,18007,30000
#00544,2020-01-12,saturday,7,12,17,21,35,45,0,19872112500,27,10000000,1334,300000,18655,30000
#00543,2020-01-10,thursday,10,18,24,35,41,43,0,18509904500,23,10000000,909,300000,15362,30000
#00542,2020-01-08,tuesday,2,4,10,21,25,43,0,17008985000,23,10000000,926,300000,15206,30000
#00541,2020-01-05,saturday,5,11,12,26,44,45,0,15550849500,41,10000000,1287,300000,17774,30000
#00540,2020-01-03,thursday,1,15,17,26,32,44,0,14655615000,19,10000000,767,300000,13611,30000
#00539,2020-01-01,tuesday,8,10,23,26,37,38,0,13312067500,19,10000000,829,300000,13625,30000
#00538,2019-12-29,sunday,7,12,21,24,35,43,1,57045118500,48,10000000,1540,300000,24319,30000
#00537,2019-12-27,friday,2,7,10,12,33,43,0,52865508000,26,10000000,1252,300000,23318,30000
#00536,2019-12-25,wednesday,10,18,25,26,36,43,0,48452999500,29,10000000,1250,300000,21772,30000
#00535,2019-12-22,sunday,9,10,11,18,22,36,0,44243846500,22,10000000,1352,300000,22246,30000
#00534,2019-12-20,friday,1,9,16,27,38,45,0,40443194000,31,10000000,1295,300000,19904,30000
#00533,2019-12-18,wednesday,8,9,12,19,22,25,0,37173295000,33,10000000,1605,300000,23142,30000
#00532,2019-12-15,sunday,3,13,15,16,22,36,0,35603542000,21,10000000,1052,300000,18750,30000
#00531,2019-12-13,friday,2,8,9,25,26,40,0,33790460500,25,10000000,1135,300000,18579,30000
#00530,2019-12-11,wednesday,1,2,8,27,29,39,0,32090856500,15,10000000,1046,300000,17261,30000
#00529,2019-12-08,sunday,12,20,30,31,34,44,0,30329123500,11,10000000,932,300000,15745,30000
#00528,2019-12-06,friday,2,20,26,35,43,45,0,28546624000,16,10000000,873,300000,14863,30000
#00527,2019-12-04,wednesday,16,19,24,30,32,35,0,26950480500,16,10000000,1019,300000,16157,30000
#00526,2019-12-01,sunday,3,14,16,27,31,35,0,25377089500,15,10000000,848,300000,14632,30000
#00525,2019-11-29,friday,14,15,16,17,19,34,0,23737598500,19,10000000,719,300000,13820,30000
#00524,2019-11-27,wednesday,3,5,13,19,20,33,0,22213329000,25,10000000,946,300000,15580,30000
#00523,2019-11-24,sunday,5,21,24,28,29,34,0,20885667500,13,10000000,758,300000,13544,30000
#00522,2019-11-22,friday,1,9,10,19,30,38,0,19423681500,25,10000000,994,300000,15436,30000
#00521,2019-11-20,wednesday,10,21,22,24,43,44,0,18300224000,10,10000000,684,300000,11659,30000
#00520,2019-11-17,sunday,6,7,14,31,39,44,0,16908131500,12,10000000,683,300000,12441,30000
#00519,2019-11-15,friday,2,13,27,33,40,41,0,15604919500,19,10000000,661,300000,11224,30000
#00518,2019-11-13,wednesday,17,19,24,30,31,40,0,14424595500,13,10000000,652,300000,11368,30000
#00517,2019-11-10,sunday,4,14,21,28,32,36,0,13211095000,5,10000000,614,300000,10774,30000
#00516,2019-11-08,friday,4,16,19,30,32,44,1,13105822000,15,10000000,708,300000,11333,30000
#00515,2019-11-06,wednesday,3,15,22,23,38,43,1,25973365000,38,10000000,1014,300000,15743,30000
#00514,2019-11-03,sunday,28,30,32,38,44,45,0,24662089000,28,10000000,844,300000,13669,30000
#00513,2019-11-01,friday,6,11,20,30,37,40,0,23289402000,12,10000000,847,300000,14003,30000
#00512,2019-10-30,wednesday,2,5,8,12,29,38,0,21917627500,28,10000000,1013,300000,16234,30000
#00511,2019-10-27,sunday,1,19,29,30,40,42,0,20715497000,15,10000000,729,300000,12371,30000
#00510,2019-10-25,friday,4,7,9,22,32,37,0,19294833000,16,10000000,810,300000,13575,30000
#00509,2019-10-23,wednesday,2,9,21,23,32,41,0,18002864000,16,10000000,904,300000,14386,30000
#00508,2019-10-20,sunday,1,3,8,15,38,40,0,16793980000,17,10000000,733,300000,12307,30000
#00507,2019-10-18,friday,4,14,15,22,28,39,0,15557260500,12,10000000,652,300000,11526,30000
#00506,2019-10-16,wednesday,1,4,23,28,41,42,0,14327867000,17,10000000,632,300000,10858,30000
#00505,2019-10-13,sunday,6,22,28,31,37,40,0,13134526000,19,10000000,600,300000,10352,30000
#00504,2019-10-11,friday,6,12,14,27,28,36,1,22740613000,14,10000000,897,300000,15192,30000
#00503,2019-10-09,wednesday,3,12,21,24,28,32,0,21389955500,31,10000000,951,300000,15003,30000
#00502,2019-10-06,sunday,1,6,17,30,44,45,0,20224441000,18,10000000,747,300000,12737,30000
#00501,2019-10-04,friday,2,9,24,25,30,36,0,18949662000,19,10000000,782,300000,13405,30000
#00500,2019-10-02,wednesday,2,6,7,25,28,41,0,17753510000,16,10000000,794,300000,13566,30000
#00499,2019-09-29,sunday,2,9,12,18,21,23,0,16530261500,15,10000000,973,300000,14995,30000
#00498,2019-09-27,friday,6,9,11,28,37,44,0,15393271500,22,10000000,891,300000,13451,30000
#00497,2019-09-25,wednesday,9,14,22,26,44,45,0,14415927500,13,10000000,748,300000,12635,30000
#00496,2019-09-22,sunday,3,6,21,36,38,39,0,13255293000,16,10000000,781,300000,12729,30000
#00495,2019-09-20,friday,7,12,24,29,31,45,2,99453004500,117,10000000,3480,300000,43740,30000
#00494,2019-09-18,wednesday,3,9,13,17,19,20,0,94535082000,66,10000000,2751,300000,38019,30000
#00493,2019-09-15,sunday,8,9,28,33,35,43,0,89344198000,33,10000000,1737,300000,31595,30000
#00492,2019-09-13,friday,2,15,17,25,30,38,0,84031956000,34,10000000,1616,300000,27028,30000
#00491,2019-09-11,wednesday,21,25,29,32,34,35,0,78841975000,27,10000000,1311,300000,24917,30000
#00490,2019-09-08,sunday,6,9,11,26,28,36,0,73447486500,51,10000000,2138,300000,28471,30000
#00489,2019-09-06,friday,2,4,13,15,26,31,0,69609684500,50,10000000,1516,300000,23372,30000
#00488,2019-09-04,wednesday,1,9,11,23,30,37,0,65623409000,36,10000000,1325,300000,22657,30000
#00487,2019-09-01,sunday,5,7,14,16,29,40,0,61531051000,17,10000000,1178,300000,20097,30000
#00486,2019-08-30,friday,5,6,22,23,25,44,0,57561110500,24,10000000,1367,300000,22476,30000
#00485,2019-08-28,wednesday,1,4,12,14,19,30,0,53879797500,39,10000000,1275,300000,20001,30000
#00484,2019-08-25,sunday,7,8,15,20,24,31,0,50256177000,20,10000000,1290,300000,19053,30000
#00483,2019-08-23,friday,6,7,12,17,19,24,0,46911829000,19,10000000,1253,300000,20309,30000
#00482,2019-08-21,wednesday,6,8,17,20,21,31,0,43784877000,29,10000000,1123,300000,17782,30000
#00481,2019-08-18,sunday,2,7,18,21,24,33,0,40626087000,22,10000000,987,300000,16944,30000
#00480,2019-08-16,friday,6,14,15,19,31,39,0,37492523500,14,10000000,915,300000,16248,30000
#00479,2019-08-14,wednesday,13,20,22,24,33,34,0,34518894000,20,10000000,855,300000,14855,30000
#00478,2019-08-11,sunday,1,4,7,9,25,31,0,31428258500,22,10000000,961,300000,15474,30000
#00477,2019-08-09,friday,11,19,26,28,30,42,0,28478574500,26,10000000,972,300000,15267,30000
#00476,2019-08-07,wednesday,1,5,13,31,32,43,0,26578394000,17,10000000,779,300000,14034,30000
#00475,2019-08-04,sunday,6,10,21,30,43,45,0,25016702000,16,10000000,790,300000,13880,30000
#00474,2019-08-02,friday,11,18,20,22,25,26,0,23471032000,22,10000000,1012,300000,15433,30000
#00473,2019-07-31,wednesday,6,12,15,19,25,45,0,22199548000,25,10000000,1034,300000,16594,30000
#00472,2019-07-28,sunday,5,14,16,24,42,43,0,21025187500,7,10000000,776,300000,12591,30000
#00471,2019-07-26,friday,5,14,16,22,25,33,0,19673771500,18,10000000,763,300000,13117,30000
#00470,2019-07-24,wednesday,20,22,25,39,44,45,0,18405343500,14,10000000,635,300000,11869,30000
#00469,2019-07-21,sunday,7,8,10,24,33,44,0,17128970000,19,10000000,765,300000,11969,30000
#00468,2019-07-19,friday,9,12,23,26,28,43,0,16041728500,19,10000000,834,300000,13056,30000
#00467,2019-07-17,wednesday,10,11,16,22,28,35,0,15023456000,17,10000000,824,300000,12179,30000
#00466,2019-07-14,sunday,2,3,7,25,33,34,0,14014911500,16,10000000,673,300000,11490,30000
#00465,2019-07-12,friday,16,18,24,26,40,44,0,12982557500,17,10000000,670,300000,10245,30000
#00464,2019-07-10,wednesday,1,2,6,7,16,27,1,29119908000,14,10000000,1047,300000,17186,30000
#00463,2019-07-07,sunday,2,18,21,23,30,31,0,27560799500,14,10000000,897,300000,15139,30000
#00462,2019-07-05,friday,19,21,30,31,37,43,0,25923998500,23,10000000,799,300000,13795,30000
#00461,2019-07-03,wednesday,2,7,25,29,39,45,0,24476352500,21,10000000,971,300000,15357,30000
#00460,2019-06-30,sunday,5,20,22,25,28,32,0,23161203000,13,10000000,822,300000,13884,30000
#00459,2019-06-28,friday,11,25,37,40,41,45,0,21710623500,16,10000000,770,300000,12897,30000
#00458,2019-06-26,wednesday,1,5,9,10,33,41,0,20418360500,10,10000000,825,300000,13662,30000
#00457,2019-06-23,sunday,3,8,11,27,32,36,0,19041263000,12,10000000,837,300000,13698,30000
#00456,2019-06-21,friday,1,4,19,21,23,39,0,17771417500,11,10000000,704,300000,11773,30000
#00455,2019-06-19,wednesday,2,4,11,15,35,40,0,16557487500,12,10000000,722,300000,12321,30000
#00454,2019-06-16,sunday,6,7,19,29,31,36,0,15332578500,18,10000000,634,300000,11785,30000
#00453,2019-06-14,friday,2,12,16,36,37,45,0,14177934500,16,10000000,688,300000,11136,30000
#00452,2019-06-12,wednesday,10,11,21,23,26,37,0,13115937000,12,10000000,683,300000,11253,30000
#00451,2019-06-09,sunday,2,6,22,25,35,36,1,34381055000,13,10000000,906,300000,15308,30000
#00450,2019-06-07,friday,11,13,15,26,27,41,0,32742356500,21,10000000,916,300000,15081,30000
#00449,2019-06-05,wednesday,4,8,22,25,37,39,0,31263883000,20,10000000,926,300000,15716,30000
#00448,2019-06-02,sunday,2,5,12,35,41,43,0,29782077000,22,10000000,874,300000,15017,30000
#00447,2019-05-31,friday,5,6,7,12,23,30,0,28327703000,18,10000000,1036,300000,16259,30000
#00446,2019-05-29,wednesday,12,18,19,27,35,42,0,26999524500,19,10000000,941,300000,15534,30000
#00445,2019-05-26,sunday,11,12,14,23,29,32,0,25583062000,26,10000000,1043,300000,15998,30000
#00444,2019-05-24,friday,2,3,31,33,35,40,0,24272614500,10,10000000,768,300000,13012,30000
#00443,2019-05-22,wednesday,1,13,16,22,23,35,0,22677291500,13,10000000,804,300000,14506,30000
#00442,2019-05-19,sunday,2,11,19,27,30,42,0,21220151500,19,10000000,900,300000,14587,30000
#00441,2019-05-17,friday,6,16,18,29,39,43,0,19892566500,21,10000000,931,300000,14250,30000
#00440,2019-05-15,wednesday,17,28,29,33,34,35,0,18642166500,19,10000000,707,300000,13221,30000
#00439,2019-05-12,sunday,1,8,13,17,21,43,0,17230884500,11,10000000,779,300000,13370,30000
#00438,2019-05-10,friday,5,23,25,30,35,38,0,15860858500,8,10000000,708,300000,12653,30000
#00437,2019-05-08,wednesday,1,7,8,31,34,45,0,14557802000,13,10000000,754,300000,12592,30000
#00436,2019-05-05,sunday,13,27,30,38,39,41,0,13321559500,9,10000000,676,300000,11367,30000
#00435,2019-05-03,friday,1,6,14,31,35,44,1,20603254000,18,10000000,742,300000,13289,30000
#00434,2019-05-01,wednesday,18,23,24,27,33,41,0,19167212000,14,10000000,661,300000,11369,30000
#00433,2019-04-28,sunday,4,24,28,30,33,43,0,17974733000,18,10000000,755,300000,12659,30000
#00432,2019-04-26,friday,1,2,14,15,16,30,0,16734191500,22,10000000,745,300000,12598,30000
#00431,2019-04-24,wednesday,4,7,12,13,20,45,0,15460909500,14,10000000,838,300000,13850,30000
#00430,2019-04-21,sunday,8,11,13,20,41,43,0,14253836000,16,10000000,735,300000,11891,30000
#00429,2019-04-19,friday,1,4,5,12,17,21,0,13042826000,22,10000000,889,300000,13140,30000
#00428,2019-04-17,wednesday,7,11,21,25,30,44,1,13225173500,19,10000000,770,300000,12946,30000
#00427,2019-04-14,sunday,4,13,20,34,35,37,1,44071252500,21,10000000,1015,300000,19036,30000
#00426,2019-04-12,friday,3,12,15,16,17,44,0,40141316500,26,10000000,1425,300000,23289,30000
#00425,2019-04-10,wednesday,7,11,14,30,35,42,0,36441477000,21,10000000,1286,300000,21151,30000
#00424,2019-04-07,sunday,8,10,26,28,32,34,0,32688405500,19,10000000,1083,300000,18993,30000
#00423,2019-04-05,friday,2,7,25,36,38,43,0,29177213000,23,10000000,1128,300000,18453,30000
#00422,2019-04-03,wednesday,4,11,18,33,34,45,0,26129369500,24,10000000,1065,300000,18572,30000
#00421,2019-03-31,sunday,3,5,19,28,31,38,0,24437276000,15,10000000,1085,300000,17793,30000
#00420,2019-03-29,friday,2,19,26,27,30,37,0,22765342000,15,10000000,917,300000,15485,30000
#00419,2019-03-27,wednesday,9,12,22,24,30,42,0,21055913000,26,10000000,1078,300000,16892,30000
#00418,2019-03-24,sunday,5,17,21,27,34,40,0,19595469000,11,10000000,814,300000,14508,30000
#00417,2019-03-22,friday,1,3,6,13,18,41,0,18010166000,13,10000000,871,300000,14393,30000
#00416,2019-03-20,wednesday,2,7,17,24,29,37,0,16559719000,29,10000000,1010,300000,15119,30000
#00415,2019-03-17,sunday,5,6,16,18,24,42,0,15253753500,29,10000000,1105,300000,15576,30000
#00414,2019-03-15,friday,5,10,15,19,38,42,0,14180566000,25,10000000,870,300000,14640,30000
#00413,2019-03-13,wednesday,5,16,24,26,34,44,0,13014844500,34,10000000,1070,300000,13801,30000
#00412,2019-03-10,sunday,5,24,31,32,42,45,1,24935729000,18,10000000,1145,300000,17867,30000
#00411,2019-03-08,friday,4,14,20,27,32,43,0,23311659500,23,10000000,953,300000,15887,30000
#00410,2019-03-06,wednesday,2,7,14,24,40,41,0,21651509000,22,10000000,1012,300000,16235,30000
#00409,2019-03-03,sunday,1,13,17,20,30,45,0,20020723000,12,10000000,877,300000,14886,30000
#00408,2019-03-01,friday,15,23,29,31,38,43,0,18395685000,17,10000000,909,300000,14393,30000
#00407,2019-02-27,sunday,5,12,15,16,25,35,0,16899838500,40,10000000,1179,300000,16382,30000
#00406,2019-02-24,thursday,1,7,13,23,32,42,0,15777343000,21,10000000,846,300000,13951,30000
#00405,2019-02-22,tuesday,7,10,18,25,44,45,0,14477636500,19,10000000,831,300000,14306,30000
#00404,2019-02-20,sunday,1,10,15,24,37,45,0,13180421500,28,10000000,963,300000,14502,30000
#00403,2019-02-17,thursday,11,12,14,25,29,31,1,21973928500,59,10000000,1029,300000,17088,30000
#00402,2019-02-15,tuesday,3,22,26,27,30,44,0,20754252000,30,10000000,1109,300000,17557,30000
#00401,2019-02-13,sunday,5,11,18,33,37,41,0,19147983000,22,10000000,1093,300000,18161,30000
#00400,2019-02-10,thursday,1,11,17,25,29,35,0,17338772000,16,10000000,892,300000,14600,30000
#00399,2019-02-08,tuesday,11,12,33,36,39,43,0,15924776500,10,10000000,722,300000,11293,30000
#00398,2019-02-06,sunday,22,24,25,30,33,38,0,14851632000,17,10000000,748,300000,12379,30000
#00397,2019-02-03,thursday,1,2,5,9,23,24,0,13563140000,13,10000000,982,300000,16804,30000
#00396,2019-02-01,tuesday,3,4,6,38,39,43,3,75388996000,84,10000000,2242,300000,32988,30000
#00395,2019-01-30,monday,1,4,6,13,37,41,0,70202846500,16,10000000,1660,300000,27981,30000
#00394,2019-01-27,friday,9,11,12,22,27,29,0,64238800500,44,10000000,1992,300000,29822,30000
#00393,2019-01-25,wednesday,11,13,14,22,30,38,0,59381811000,36,10000000,1494,300000,24596,30000
#00392,2019-01-23,monday,2,9,13,29,33,40,0,54675909000,14,10000000,1467,300000,25586,30000
#00391,2019-01-20,friday,8,16,21,31,35,38,0,49631995000,25,10000000,1284,300000,21872,30000
#00390,2019-01-18,wednesday,12,15,19,38,40,45,0,45228539500,14,10000000,1375,300000,22815,30000
#00389,2019-01-16,monday,1,8,14,24,31,40,0,41145812500,20,10000000,1077,300000,18823,30000
#00388,2019-01-13,friday,1,20,21,23,26,33,0,37819245500,20,10000000,919,300000,16991,30000
#00387,2019-01-11,wednesday,19,21,22,23,25,44,0,35699076500,25,10000000,1156,300000,18900,30000
#00386,2019-01-09,monday,17,27,28,30,33,41,0,33794171000,22,10000000,1008,300000,17741,30000
#00385,2019-01-06,friday,9,22,33,34,35,44,0,31809761500,22,10000000,1189,300000,18903,30000
#00384,2019-01-04,wednesday,1,8,14,16,19,22,0,29906609000,16,10000000,1041,300000,17173,30000
#00383,2019-01-02,monday,4,14,32,35,36,40,0,28121934500,21,10000000,891,300000,15446,30000
#00382,2018-12-30,sunday,10,19,31,35,42,44,0,26321218500,16,10000000,955,300000,15385,30000
#00381,2018-12-28,friday,3,22,24,25,31,37,0,24652572000,21,10000000,970,300000,15416,30000
#00380,2018-12-26,wednesday,21,28,34,35,41,44,0,23123394000,16,10000000,835,300000,14223,30000
#00379,2018-12-23,sunday,1,3,10,11,16,44,0,21428428500,21,10000000,1044,300000,15726,30000
#00378,2018-12-21,friday,1,7,16,27,29,34,0,19992770500,27,10000000,1006,300000,14842,30000
#00377,2018-12-19,wednesday,2,10,11,32,40,44,0,18623341500,27,10000000,784,300000,13564,30000
#00376,2018-12-16,sunday,1,14,22,26,35,42,0,17211916500,17,10000000,822,300000,12731,30000
#00375,2018-12-14,friday,7,16,20,26,30,34,0,15853774500,11,10000000,757,300000,12986,30000
#00374,2018-12-12,wednesday,1,3,11,15,27,30,0,14424640000,18,10000000,867,300000,13250,30000
#00373,2018-12-09,sunday,6,8,26,34,40,41,0,13234739000,16,10000000,728,300000,12147,30000
#00372,2018-12-07,friday,1,6,7,22,31,39,1,13327206000,12,10000000,745,300000,12760,30000
#00371,2018-12-05,wednesday,7,28,29,39,42,45,1,22811729000,25,10000000,1188,300000,18267,30000
#00370,2018-12-02,sunday,2,4,12,23,37,45,0,21297938500,24,10000000,1077,300000,17509,30000
#00369,2018-11-30,friday,11,18,23,25,28,35,0,19833902000,38,10000000,1196,300000,17693,30000
#00368,2018-11-28,wednesday,8,13,20,21,25,28,0,18659638000,14,10000000,895,300000,15331,30000
#00367,2018-11-25,sunday,3,5,11,18,24,29,0,17059686000,27,10000000,953,300000,14191,30000
#00366,2018-11-23,friday,8,10,12,21,25,40,0,16179431500,13,10000000,985,300000,15387,30000
#00365,2018-11-21,wednesday,7,9,16,19,24,33,0,14759709000,21,10000000,1050,300000,15944,30000
#00364,2018-11-18,sunday,6,27,28,30,37,44,0,13453897000,12,10000000,826,300000,14030,30000
#00363,2018-11-16,friday,4,12,18,21,25,41,1,52258801500,45,10000000,1526,300000,23536,30000
#00362,2018-11-14,wednesday,12,14,24,26,30,40,0,48159309000,28,10000000,1296,300000,21256,30000
#00361,2018-11-11,sunday,20,23,26,27,32,34,0,43902022000,19,10000000,1077,300000,19095,30000
#00360,2018-11-09,friday,6,18,28,32,34,35,0,39864238000,34,10000000,1351,300000,20913,30000
#00359,2018-11-07,wednesday,6,18,22,25,31,37,0,36379047500,38,10000000,1280,300000,20227,30000
#00358,2018-11-04,sunday,7,12,13,17,25,30,0,32794682000,28,10000000,1134,300000,19060,30000
#00357,2018-11-02,friday,4,6,11,18,24,25,0,29460748500,27,10000000,1217,300000,19837,30000
#00356,2018-10-31,wednesday,17,22,26,30,33,35,0,26288813500,25,10000000,1010,300000,16762,30000
#00355,2018-10-28,sunday,9,18,19,20,31,45,0,23707191500,28,10000000,1253,300000,18672,30000
#00354,2018-10-26,friday,2,18,31,33,36,41,0,22250368000,23,10000000,921,300000,15469,30000
#00353,2018-10-24,wednesday,6,26,34,35,39,42,0,20507870500,25,10000000,1121,300000,16947,30000
#00352,2018-10-21,sunday,6,22,24,28,30,37,0,18963930500,24,10000000,1037,300000,16373,30000
#00351,2018-10-19,friday,2,14,30,38,39,45,0,17473946000,15,10000000,776,300000,13698,30000
#00350,2018-10-17,wednesday,1,12,14,36,39,43,0,15978847000,23,10000000,875,300000,14621,30000
#00349,2018-10-14,sunday,7,8,9,34,40,43,0,14531727000,28,10000000,1041,300000,15477,30000
#00348,2018-10-12,friday,11,12,20,26,28,42,0,13314551500,15,10000000,893,300000,14992,30000
#00347,2018-10-10,wednesday,18,19,22,28,41,42,1,66629405000,29,10000000,1552,300000,26183,30000
#00346,2018-10-07,sunday,14,18,31,34,39,44,0,61781541000,20,10000000,1268,300000,23167,30000
#00345,2018-10-05,friday,4,12,17,29,35,44,0,57081586000,33,10000000,1381,300000,23418,30000
#00344,2018-10-03,wednesday,6,12,19,21,25,45,0,52932632500,36,10000000,1718,300000,24705,30000
#00343,2018-09-30,sunday,1,20,24,36,43,45,0,48950540000,21,10000000,1177,300000,20198,30000
#00342,2018-09-28,friday,2,6,11,13,15,38,0,44806838500,23,10000000,1334,300000,22636,30000
#00341,2018-09-26,wednesday,12,19,27,39,42,45,0,40998275000,21,10000000,1455,300000,23118,30000
#00340,2018-09-23,sunday,18,27,32,35,41,44,0,38869967500,19,10000000,1155,300000,18958,30000
#00339,2018-09-21,friday,1,3,11,14,23,29,0,36885341000,19,10000000,1076,300000,18688,30000
#00338,2018-09-19,wednesday,10,20,22,24,27,42,0,34913441500,28,10000000,1107,300000,18883,30000
#00337,2018-09-16,sunday,3,13,17,18,23,34,0,33027155000,15,10000000,1060,300000,18140,30000
#00336,2018-09-14,friday,12,16,17,18,26,34,0,31118111500,21,10000000,1100,300000,17553,30000
#00335,2018-09-12,wednesday,11,12,13,16,29,31,0,29419428500,17,10000000,1040,300000,17826,30000
#00334,2018-09-09,sunday,8,14,18,21,44,45,0,27522500500,14,10000000,1024,300000,17464,30000
#00333,2018-09-07,friday,8,10,11,28,42,45,0,25630550500,27,10000000,1151,300000,18524,30000
#00332,2018-09-05,wednesday,5,6,22,27,34,37,0,24112702500,19,10000000,1033,300000,17819,30000
#00331,2018-09-02,sunday,10,12,13,22,26,40,0,22424074500,21,10000000,768,300000,14328,30000
#00330,2018-08-31,friday,11,19,30,36,38,40,0,20898326500,22,10000000,871,300000,15498,30000
#00329,2018-08-29,wednesday,16,17,24,28,30,36,0,19222545000,17,10000000,1012,300000,15167,30000
#00328,2018-08-26,sunday,1,3,11,12,22,36,0,17774665500,14,10000000,913,300000,15017,30000
#00327,2018-08-24,friday,3,22,25,29,33,40,0,16218356500,13,10000000,848,300000,14074,30000
#00326,2018-08-22,wednesday,15,17,18,33,34,44,0,14666550500,18,10000000,823,300000,14638,30000
#00325,2018-08-19,sunday,16,18,28,36,37,45,0,13176212000,25,10000000,888,300000,14540,30000
#00324,2018-08-17,friday,3,8,22,28,33,42,1,16109307500,33,10000000,958,300000,15602,30000
#00323,2018-08-15,wednesday,12,24,25,33,40,44,0,14830706500,18,10000000,853,300000,14849,30000
#00322,2018-08-12,sunday,5,16,17,28,31,38,0,13334071500,24,10000000,912,300000,15111,30000
#00321,2018-08-10,friday,18,22,24,29,41,45,1,31813307500,15,10000000,1069,300000,18117,30000
#00320,2018-08-08,wednesday,19,34,37,39,41,44,0,29901465000,22,10000000,1028,300000,18789,30000
#00319,2018-08-05,sunday,7,10,18,31,39,43,0,27963487000,23,10000000,1136,300000,18095,30000
#00318,2018-08-03,friday,3,8,10,24,27,28,0,26281515500,28,10000000,1350,300000,20495,30000
#00317,2018-08-01,wednesday,5,6,29,30,37,38,0,24731858000,24,10000000,957,300000,17735,30000
#00316,2018-07-29,sunday,26,31,32,37,43,45,0,22925351500,14,10000000,901,300000,16162,30000
#00315,2018-07-27,friday,2,21,32,37,38,42,0,21031963500,28,10000000,1071,300000,16468,30000
#00314,2018-07-25,wednesday,9,16,18,38,41,45,0,19477380000,17,10000000,1047,300000,17044,30000
#00313,2018-07-22,sunday,8,9,24,27,40,45,0,17791807000,14,10000000,988,300000,16777,30000
#00312,2018-07-20,friday,13,14,16,19,20,23,0,16218909000,19,10000000,838,300000,14185,30000
#00311,2018-07-18,wednesday,8,10,14,19,26,34,0,14699373500,25,10000000,1010,300000,15167,30000
#00310,2018-07-15,sunday,7,15,20,29,31,38,0,13380902000,18,10000000,939,300000,14508,30000
#00309,2018-07-13,friday,3,8,9,25,27,28,1,16334968000,18,10000000,1026,300000,17611,30000
#00308,2018-07-11,wednesday,12,26,28,29,39,43,0,14804193500,25,10000000,1146,300000,17274,30000
#00307,2018-07-08,sunday,2,7,8,10,28,44,0,13398681000,19,10000000,1008,300000,15759,30000
#00306,2018-07-06,friday,22,26,33,34,38,42,1,19552700000,22,10000000,1003,300000,16420,30000
#00305,2018-07-04,wednesday,2,3,27,28,34,43,0,17914040000,27,10000000,953,300000,16535,30000
#00304,2018-07-01,sunday,4,7,15,28,34,37,0,16261589000,20,10000000,1049,300000,17050,30000
#00303,2018-06-29,friday,6,18,22,24,36,39,0,14740422500,31,10000000,1228,300000,17282,30000
#00302,2018-06-27,wednesday,25,27,29,33,37,38,0,13503491000,17,10000000,1045,300000,16293,30000
#00301,2018-06-24,sunday,6,8,23,32,33,41,1,45425875500,34,10000000,1632,300000,23868,30000
#00300,2018-06-22,friday,15,19,20,26,34,39,0,41341594500,35,10000000,1302,300000,21582,30000
#00299,2018-06-20,wednesday,2,18,22,30,32,43,0,37468041000,27,10000000,1303,300000,20342,30000
#00298,2018-06-17,sunday,3,5,6,7,34,40,0,33489990000,10,10000000,1082,300000,19841,30000
#00297,2018-06-15,friday,8,11,13,23,24,28,0,29482556000,32,10000000,1285,300000,22044,30000
#00296,2018-06-13,wednesday,2,4,17,24,31,40,0,27102742000,19,10000000,1182,300000,19736,30000
#00295,2018-06-10,sunday,22,25,35,36,38,39,0,24921544500,27,10000000,1288,300000,20933,30000
#00294,2018-06-08,friday,4,13,32,35,40,42,0,23018484500,25,10000000,1218,300000,20224,30000
#00293,2018-06-06,wednesday,6,20,22,26,43,44,0,21075967500,24,10000000,1184,300000,19089,30000
#00292,2018-06-03,sunday,18,20,24,40,42,45,0,19111078500,27,10000000,1190,300000,18436,30000
#00291,2018-06-01,friday,6,14,19,38,43,44,0,17365309000,29,10000000,1105,300000,18230,30000
#00290,2018-05-30,wednesday,2,17,19,27,31,36,0,15627431500,15,10000000,1085,300000,18433,30000
#00289,2018-05-27,sunday,5,9,17,18,19,22,0,13683452000,12,10000000,1160,300000,18535,30000
#00288,2018-05-25,friday,5,14,22,26,29,39,1,21696294500,29,10000000,1259,300000,21646,30000
#00287,2018-05-23,wednesday,13,16,25,34,37,41,0,19682837500,33,10000000,1368,300000,21398,30000
#00286,2018-05-20,sunday,18,19,25,26,29,39,0,17623253000,25,10000000,1252,300000,20803,30000
#00285,2018-05-18,friday,3,18,24,29,30,35,0,15871546000,20,10000000,1043,300000,18221,30000
#00284,2018-05-16,wednesday,10,21,23,25,35,38,0,13942069000,21,10000000,1094,300000,18595,30000
#00283,2018-05-13,sunday,6,11,16,18,27,41,1,24928178500,18,10000000,1355,300000,23285,30000
#00282,2018-05-11,friday,10,11,26,29,33,38,0,22525075500,39,10000000,1571,300000,24698,30000
#00281,2018-05-09,wednesday,9,15,20,30,31,33,0,20418869500,29,10000000,1334,300000,22068,30000
#00280,2018-05-06,sunday,11,26,28,34,36,37,0,18190592000,17,10000000,1141,300000,19896,30000
#00279,2018-05-04,friday,9,18,25,26,27,29,0,16001414000,20,10000000,1365,300000,22411,30000
#00278,2018-05-02,wednesday,10,11,22,29,37,40,0,13991781000,22,10000000,1186,300000,18563,30000
#00277,2018-04-29,sunday,3,10,22,23,25,43,1,43167500500,40,10000000,1567,300000,26030,30000
#00276,2018-04-27,friday,10,20,24,27,28,29,0,38250538000,31,10000000,1444,300000,25998,30000
#00275,2018-04-25,wednesday,4,15,17,23,29,43,0,32795426500,39,10000000,1731,300000,28859,30000
#00274,2018-04-22,sunday,6,7,22,32,36,39,0,29520435500,35,10000000,1642,300000,27347,30000
#00273,2018-04-20,friday,6,9,14,30,33,42,0,26951035500,25,10000000,1587,300000,25974,30000
#00272,2018-04-18,wednesday,6,16,28,29,39,44,0,24283540000,28,10000000,1778,300000,27769,30000
#00271,2018-04-15,sunday,3,9,13,20,30,34,0,21625367000,38,10000000,1419,300000,24618,30000
#00270,2018-04-13,friday,11,22,24,33,38,43,0,19208849500,27,10000000,1537,300000,24202,30000
#00269,2018-04-11,wednesday,7,20,23,25,26,39,0,16698808500,20,10000000,1382,300000,25132,30000
#00268,2018-04-08,sunday,2,5,11,16,30,34,0,14181136500,24,10000000,1131,300000,20802,30000
#00267,2018-04-06,friday,1,7,8,9,36,40,1,18950624000,33,10000000,1660,300000,26350,30000
#00266,2018-04-04,wednesday,2,3,6,16,41,44,0,16610316000,24,10000000,1396,300000,25018,30000
#00265,2018-04-01,sunday,4,12,24,33,39,43,0,14023275500,31,10000000,1466,300000,22375,30000
#00264,2018-03-30,friday,7,11,18,28,34,43,1,47232044000,38,10000000,2081,300000,33821,30000
#00263,2018-03-28,wednesday,12,18,31,34,35,42,0,41045491000,44,10000000,1805,300000,29771,30000
#00262,2018-03-25,sunday,4,10,13,22,38,42,0,35146443000,30,10000000,1582,300000,26101,30000
#00261,2018-03-23,friday,3,6,12,22,26,35,0,29771262500,45,10000000,1907,300000,29732,30000
#00260,2018-03-21,wednesday,6,19,38,40,41,44,0,24925558000,38,10000000,1716,300000,28341,30000
#00259,2018-03-18,sunday,14,21,24,28,31,40,0,22126590500,28,10000000,1441,300000,23468,30000
#00258,2018-03-16,friday,6,8,13,17,20,34,0,19364868500,32,10000000,1650,300000,26555,30000
#00257,2018-03-14,wednesday,12,21,23,27,31,34,0,16816618000,33,10000000,1559,300000,25655,30000
#00256,2018-03-11,sunday,1,14,19,26,41,42,0,14198696000,33,10000000,1414,300000,22749,30000
#00255,2018-03-09,friday,5,10,13,19,25,44,1,63703129500,51,10000000,2552,300000,40561,30000
#00254,2018-03-07,wednesday,8,19,25,31,37,40,0,57077335000,75,10000000,2364,300000,36375,30000
#00253,2018-03-04,sunday,4,11,19,25,32,40,0,50300808000,53,10000000,2318,300000,35614,30000
#00252,2018-03-02,friday,3,7,15,27,41,45,0,44207793500,79,10000000,2809,300000,40900,30000
#00251,2018-02-28,sunday,17,19,21,23,36,40,0,38734509500,44,10000000,2042,300000,33821,30000
#00250,2018-02-25,thursday,8,10,12,29,30,42,0,31977072000,64,10000000,2145,300000,36414,30000
#00249,2018-02-23,tuesday,5,16,19,23,29,37,0,25996836500,58,10000000,2070,300000,33245,30000
#00248,2018-02-21,sunday,18,23,24,26,29,33,0,22715192500,35,10000000,1698,300000,31572,30000
#00247,2018-02-18,thursday,1,5,14,16,36,38,0,19454641500,27,10000000,1464,300000,22927,30000
#00246,2018-02-14,sunday,12,31,32,34,35,43,0,17174625000,36,10000000,1472,300000,26277,30000
#00245,2018-02-11,thursday,5,19,27,32,41,45,0,14235832500,39,10000000,1957,300000,28312,30000
#00244,2018-02-09,tuesday,2,10,14,19,23,37,4,32015128500,52,10000000,2359,300000,35705,30000
#00243,2018-02-07,sunday,5,7,18,26,30,36,0,26011855000,53,10000000,2227,300000,35201,30000
#00242,2018-02-04,thursday,1,5,13,27,40,45,0,22059937000,37,10000000,2004,300000,31457,30000
#00241,2018-02-02,tuesday,2,7,14,28,42,45,0,19227076000,47,10000000,1863,300000,29353,30000
#00240,2018-01-31,monday,4,7,9,10,30,40,0,16606785500,47,10000000,1858,300000,28644,30000
#00239,2018-01-28,friday,12,26,27,33,36,37,0,14144899000,32,10000000,1165,300000,21686,30000
#00238,2018-01-26,wednesday,1,9,18,28,36,44,1,75033798000,69,10000000,2864,300000,43242,30000
#00237,2018-01-24,monday,5,6,24,33,42,45,0,67844710500,79,10000000,2971,300000,44067,30000
#00236,2018-01-21,friday,1,10,11,24,32,37,0,60521055500,53,10000000,2274,300000,37879,30000
#00235,2018-01-19,wednesday,2,4,27,28,31,36,0,53253948000,42,10000000,1884,300000,33988,30000
#00234,2018-01-17,monday,9,10,12,22,27,41,0,46117073000,48,10000000,2257,300000,38463,30000
#00233,2018-01-14,friday,1,6,10,29,32,41,0,38977908000,36,10000000,1955,300000,33079,30000
#00232,2018-01-12,wednesday,4,8,17,23,27,34,0,32458724000,67,10000000,2349,300000,34695,30000
#00231,2018-01-10,monday,6,18,21,22,37,45,0,26791424500,35,10000000,1956,300000,31897,30000
#00230,2018-01-07,friday,4,6,11,13,24,31,0,22694481500,52,10000000,2028,300000,30879,30000
#00229,2018-01-05,wednesday,19,30,34,38,42,44,0,20050529500,20,10000000,1348,300000,24699,30000
#00228,2018-01-03,monday,8,14,19,30,33,35,0,17039845000,29,10000000,1617,300000,26100,30000
#00227,2017-12-31,sunday,3,13,14,26,30,34,0,14360960500,31,10000000,1308,300000,22325,30000
#00226,2017-12-29,friday,2,8,17,20,29,39,1,105541617500,101,10000000,3651,300000,55822,30000
#00225,2017-12-27,wednesday,9,13,19,21,27,30,0,96904849000,59,10000000,3089,300000,47677,30000
#00224,2017-12-24,sunday,1,5,9,14,30,31,0,88529570000,66,10000000,2370,300000,42317,30000
#00223,2017-12-22,friday,9,13,17,22,26,33,0,80604750500,63,10000000,2609,300000,44289,30000
#00222,2017-12-20,wednesday,3,8,25,37,40,42,0,73379042500,56,10000000,2676,300000,42975,30000
#00221,2017-12-17,sunday,4,7,16,27,40,41,0,65963106000,35,10000000,2323,300000,37799,30000
#00220,2017-12-15,friday,13,14,17,24,28,43,0,58946980500,34,10000000,1964,300000,34965,30000
#00219,2017-12-13,wednesday,4,7,19,24,32,38,0,52263301500,53,10000000,2271,300000,36231,30000
#00218,2017-12-10,sunday,27,36,39,43,44,45,0,46141752000,60,10000000,1921,300000,31530,30000
#00217,2017-12-08,friday,2,11,15,32,40,44,0,40544388500,31,10000000,1961,300000,29879,30000
#00216,2017-12-06,wednesday,3,7,29,31,34,43,0,35307952000,47,10000000,1874,300000,29108,30000
#00215,2017-12-03,sunday,8,9,15,18,27,30,0,30094115000,43,10000000,1761,300000,29024,30000
#00214,2017-12-01,friday,10,19,30,35,39,45,0,27156006000,31,10000000,1578,300000,25357,30000
#00213,2017-11-29,wednesday,19,23,26,37,38,41,0,24686239000,25,10000000,1497,300000,25937,30000
#00212,2017-11-26,sunday,4,12,17,19,23,34,0,22050287500,28,10000000,1597,300000,25275,30000
#00211,2017-11-24,friday,14,24,32,34,36,45,0,19851922000,32,10000000,1294,300000,21783,30000
#00210,2017-11-22,wednesday,5,6,9,23,27,35,0,17737324500,39,10000000,1864,300000,27749,30000
#00209,2017-11-19,sunday,14,20,30,33,41,43,0,15922069000,15,10000000,935,300000,16512,30000
#00208,2017-11-17,friday,11,13,18,19,31,45,0,13915237000,17,10000000,1068,300000,18587,30000
#00207,2017-11-15,wednesday,1,9,15,27,33,43,1,20031482500,42,10000000,2024,300000,27601,30000
#00206,2017-11-12,sunday,22,26,37,40,42,44,0,17964388500,69,10000000,1416,300000,20775,30000
#00205,2017-11-10,friday,1,4,19,21,24,35,0,16076253000,30,10000000,1225,300000,20160,30000
#00204,2017-11-08,wednesday,1,18,23,24,40,41,0,14042946500,26,10000000,1056,300000,18214,30000
#00203,2017-11-05,sunday,3,17,38,39,41,44,1,39508281500,40,10000000,1633,300000,28531,30000
#00202,2017-11-03,friday,7,17,20,22,29,44,0,33963663500,29,10000000,1623,300000,27659,30000
#00201,2017-11-01,wednesday,4,12,25,39,42,44,0,28523607000,41,10000000,1776,300000,29321,30000
#00200,2017-10-29,sunday,1,5,28,31,44,45,0,23994411500,27,10000000,1562,300000,26325,30000
#00199,2017-10-27,friday,4,10,13,21,22,38,0,21223116500,33,10000000,1442,300000,24180,30000
#00198,2017-10-25,wednesday,12,17,23,25,34,38,0,18660832500,50,10000000,2054,300000,29260,30000
#00197,2017-10-22,sunday,8,14,16,17,31,42,0,16454311000,22,10000000,1262,300000,22398,30000
#00196,2017-10-20,friday,2,18,25,33,36,42,0,14044139000,25,10000000,1273,300000,20761,30000
#00195,2017-10-18,wednesday,16,24,32,36,37,40,1,49725546500,60,10000000,2641,300000,38500,30000
#00194,2017-10-15,sunday,2,9,14,21,35,40,0,43087021500,28,10000000,1886,300000,32544,30000
#00193,2017-10-13,friday,10,13,20,21,25,36,0,36463490000,49,10000000,2027,300000,35064,30000
#00192,2017-10-11,wednesday,4,11,14,15,19,26,0,30674931000,28,10000000,2170,300000,35660,30000
#00191,2017-10-08,sunday,8,16,24,27,35,39,0,24467091000,67,10000000,2186,300000,32852,30000
#00190,2017-10-06,friday,4,6,18,20,30,45,0,22039395000,38,10000000,1724,300000,27482,30000
#00189,2017-10-04,wednesday,4,5,9,19,37,44,0,19277233000,41,10000000,1958,300000,32108,30000
#00188,2017-10-01,sunday,8,23,27,36,37,43,0,16810782500,28,10000000,1465,300000,24788,30000
#00187,2017-09-29,friday,23,28,30,35,37,42,0,14386322000,20,10000000,1166,300000,20811,30000
#00186,2017-09-27,wednesday,10,19,33,34,35,45,1,112128144500,85,10000000,3964,300000,69922,30000
#00185,2017-09-24,sunday,4,10,11,31,36,39,0,97184052500,75,10000000,3098,300000,54245,30000
#00184,2017-09-22,friday,5,16,21,31,37,41,0,85794951000,53,10000000,2854,300000,48138,30000
#00183,2017-09-20,wednesday,5,7,13,17,23,33,0,76017619000,118,10000000,4414,300000,61483,30000
#00182,2017-09-17,sunday,6,11,15,16,37,40,0,67928383500,51,10000000,2363,300000,41385,30000
#00181,2017-09-15,friday,3,24,35,37,40,43,0,59876865000,35,10000000,2055,300000,35198,30000
#00180,2017-09-13,wednesday,3,8,19,35,38,40,0,52375807500,57,10000000,2568,300000,42364,30000
#00179,2017-09-10,sunday,1,22,23,35,36,42,0,45017827500,26,10000000,1889,300000,32963,30000
#00178,2017-09-08,friday,2,15,17,32,41,44,0,38078171000,40,10000000,1896,300000,31997,30000
#00177,2017-09-06,wednesday,5,20,24,32,36,42,0,32087827000,42,10000000,2041,300000,32436,30000
#00176,2017-09-03,sunday,5,6,26,28,35,43,0,27593130000,27,10000000,1886,300000,30351,30000
#00175,2017-09-01,friday,9,10,13,19,23,41,0,24806172500,39,10000000,2047,300000,32397,30000
#00174,2017-08-30,wednesday,5,8,11,28,35,41,0,22072526500,48,10000000,2129,300000,34967,30000
#00173,2017-08-27,sunday,3,7,16,32,36,39,0,19342630500,51,10000000,1798,300000,29749,30000
#00172,2017-08-25,friday,2,7,12,27,40,44,0,16843686500,28,10000000,1698,300000,26231,30000
#00171,2017-08-23,wednesday,6,25,27,34,42,43,0,14430230000,39,10000000,1571,300000,24680,30000
#00170,2017-08-20,sunday,5,15,18,21,37,45,1,20196533500,33,10000000,1813,300000,30582,30000
#00169,2017-08-18,friday,3,4,18,22,34,37,0,17211832000,33,10000000,1621,300000,25925,30000
#00168,2017-08-16,wednesday,6,11,15,19,22,41,0,14511266500,41,10000000,1793,300000,28451,30000
#00167,2017-08-13,sunday,1,3,6,7,16,18,1,24355032000,52,10000000,2375,300000,38090,30000
#00166,2017-08-11,friday,1,12,19,35,36,41,0,21279857000,39,10000000,1803,300000,30649,30000
#00165,2017-08-09,wednesday,11,19,22,24,25,31,0,18094934500,41,10000000,1884,300000,32403,30000
#00164,2017-08-06,sunday,2,9,10,11,21,43,0,14758481000,31,10000000,1750,300000,29465,30000
#00163,2017-08-04,friday,3,12,13,23,26,37,1,36385680000,62,10000000,3085,300000,48928,30000
#00162,2017-08-02,wednesday,7,10,17,26,28,43,0,31526653500,84,10000000,3137,300000,51265,30000
#00161,2017-07-30,sunday,8,17,24,35,41,44,0,27215847000,50,10000000,2998,300000,44299,30000
#00160,2017-07-28,friday,1,4,9,26,35,39,0,22841331000,50,10000000,2547,300000,41798,30000
#00159,2017-07-26,wednesday,9,26,27,30,40,44,0,18997393000,40,10000000,2089,300000,36769,30000
#00158,2017-07-23,sunday,7,9,13,21,28,39,0,14699647500,54,10000000,2214,300000,35056,30000
#00157,2017-07-21,friday,5,6,9,15,19,32,2,14103027500,64,10000000,2640,300000,38817,30000
#00156,2017-07-19,wednesday,4,7,13,20,35,44,1,131916845500,155,10000000,8178,300000,135526,30000
#00155,2017-07-16,sunday,2,10,27,29,37,39,0,107310536500,112,10000000,5224,300000,89502,30000
#00154,2017-07-14,friday,2,13,19,24,25,33,0,89529309000,117,10000000,5580,300000,85618,30000
#00153,2017-07-12,wednesday,5,9,14,15,26,42,0,75739875000,111,10000000,4789,300000,79849,30000
#00152,2017-07-09,sunday,1,9,14,18,25,28,0,62125331000,72,10000000,3814,300000,62587,30000
#00151,2017-07-07,friday,4,19,22,30,34,35,0,51353669500,55,10000000,2490,300000,45314,30000
#00150,2017-07-05,wednesday,1,4,16,31,37,40,0,41307196000,49,10000000,2516,300000,43669,30000
#00149,2017-07-02,sunday,1,5,7,16,19,44,0,31480779500,51,10000000,2578,300000,43348,30000
#00148,2017-06-30,friday,1,7,10,38,40,42,0,26077564500,34,10000000,1973,300000,34268,30000
#00147,2017-06-28,wednesday,2,6,21,28,39,40,0,22045991000,54,10000000,2319,300000,39937,30000
#00146,2017-06-25,sunday,3,14,33,38,42,44,0,18213880500,32,10000000,1846,300000,30330,30000
#00145,2017-06-23,friday,9,10,21,37,40,42,0,14933472500,18,10000000,1414,300000,23449,30000
#00144,2017-06-21,wednesday,9,26,29,30,35,37,1,21487564000,33,10000000,2021,300000,37727,30000
#00143,2017-06-18,sunday,2,8,12,14,16,26,0,17199957500,74,10000000,2682,300000,40018,30000
#00142,2017-06-16,friday,6,10,17,21,27,38,0,14665599500,44,10000000,1879,300000,31706,30000
#00141,2017-06-14,wednesday,5,8,15,25,31,35,1,82060579000,162,10000000,6375,300000,89284,30000
#00140,2017-06-11,sunday,5,6,11,14,32,33,0,68224154000,91,10000000,4313,300000,72695,30000
#00139,2017-06-09,friday,7,15,19,24,32,42,0,56519820000,91,10000000,3882,300000,61455,30000
#00138,2017-06-07,wednesday,5,6,13,29,35,44,0,46118017000,62,10000000,3283,300000,56991,30000
#00137,2017-06-04,sunday,1,9,23,32,34,35,0,35585407000,30,10000000,2441,300000,43688,30000
#00136,2017-06-02,friday,5,13,16,32,39,41,0,26998153000,65,10000000,2498,300000,40557,30000
#00135,2017-05-31,wednesday,7,13,16,30,37,44,0,22304986000,32,10000000,2103,300000,37028,30000
#00134,2017-05-28,sunday,2,7,17,24,31,44,0,17885440000,59,10000000,2123,300000,35085,30000
#00133,2017-05-26,friday,6,8,25,39,40,45,0,14713507000,54,10000000,1901,300000,29655,30000
#00132,2017-05-24,wednesday,8,20,25,27,30,33,1,112477419000,136,10000000,7024,300000,127123,30000
#00131,2017-05-21,sunday,11,14,17,22,27,42,0,86669528000,116,10000000,5190,300000,85810,30000
#00130,2017-05-19,friday,1,8,18,28,30,33,0,69744001500,103,10000000,4302,300000,69615,30000
#00129,2017-05-17,wednesday,7,8,11,18,23,42,0,55971817000,81,10000000,4579,300000,74518,30000
#00128,2017-05-14,sunday,13,15,17,21,25,40,0,43072266500,83,10000000,3547,300000,53386,30000
#00127,2017-05-12,friday,1,27,35,42,43,45,0,33883918000,50,10000000,2152,300000,36291,30000
#00126,2017-05-10,wednesday,7,17,21,29,40,44,0,25768903500,33,10000000,2117,300000,38551,30000
#00125,2017-05-07,sunday,1,7,28,32,44,45,0,21030978000,41,10000000,1936,300000,33806,30000
#00124,2017-05-05,friday,4,9,12,32,36,43,0,17450444500,41,10000000,2044,300000,31965,30000
#00123,2017-05-03,wednesday,3,19,20,21,25,45,0,14671443000,41,10000000,1699,300000,28842,30000
#00122,2017-04-30,sunday,2,6,8,11,12,25,1,37930392500,117,10000000,4183,300000,56100,30000
#00121,2017-04-28,friday,2,9,11,12,15,23,0,30392235000,123,10000000,4317,300000,60073,30000
#00120,2017-04-26,wednesday,14,16,17,20,35,39,0,27142731500,48,10000000,2522,300000,43316,30000
#00119,2017-04-23,sunday,13,17,22,30,31,43,0,22460863000,38,10000000,2212,300000,36734,30000
#00118,2017-04-21,friday,7,8,15,30,32,39,0,18574303000,18,10000000,1756,300000,31176,30000
#00117,2017-04-19,wednesday,19,20,32,33,38,44,0,15289489000,23,10000000,1558,300000,27221,30000
#00116,2017-04-16,sunday,6,7,18,29,32,44,2,21551860500,70,10000000,2555,300000,38962,30000
#00115,2017-04-14,friday,4,5,10,33,36,38,0,18396351500,32,10000000,1755,300000,31477,30000
#00114,2017-04-12,wednesday,2,3,8,13,19,41,0,15061131500,49,10000000,1927,300000,34385,30000
#00113,2017-04-09,sunday,5,8,21,25,26,37,1,23260825500,33,10000000,2404,300000,42322,30000
#00112,2017-04-07,friday,4,5,16,17,32,40,0,19215805000,27,10000000,1994,300000,33306,30000
#00111,2017-04-05,wednesday,13,14,20,21,23,33,0,15738450500,27,10000000,1967,300000,33816,30000
#00110,2017-04-02,sunday,3,5,7,12,27,33,1,27757861500,76,10000000,3468,300000,53130,30000
#00109,2017-03-31,friday,1,4,5,11,20,30,0,22599497500,62,10000000,2550,300000,38437,30000
#00108,2017-03-29,wednesday,4,5,24,26,28,37,0,18913358000,41,10000000,2931,300000,45338,30000
#00107,2017-03-26,sunday,6,12,23,25,29,43,0,14932069000,48,10000000,2467,300000,39046,30000
#00106,2017-03-24,friday,10,14,30,32,37,42,1,24369075000,56,10000000,2182,300000,38591,30000
#00105,2017-03-22,wednesday,1,9,24,28,33,36,0,20053374000,48,10000000,2734,300000,45501,30000
#00104,2017-03-19,sunday,1,2,6,12,31,36,0,15514249500,43,10000000,2168,300000,36379,30000
#00103,2017-03-17,friday,7,12,24,43,44,45,1,43029075000,56,10000000,3008,300000,53995,30000
#00102,2017-03-15,wednesday,3,9,10,31,32,40,0,32528800000,74,10000000,3105,300000,54469,30000
#00101,2017-03-12,sunday,6,11,30,32,35,42,0,25751732000,52,10000000,2581,300000,45027,30000
#00100,2017-03-10,friday,4,9,21,27,38,44,0,20691602500,43,10000000,2323,300000,40260,30000
#00099,2017-03-08,wednesday,5,11,14,20,32,42,0,16235308500,67,10000000,2614,300000,45495,30000
#00098,2017-03-05,sunday,18,21,24,26,39,45,2,20208845500,55,10000000,2695,300000,44111,30000
#00097,2017-03-03,friday,2,4,13,22,23,41,0,15908249000,56,10000000,2380,300000,39367,30000
#00096,2017-03-01,wednesday,3,4,26,30,35,44,1,41241151500,71,10000000,3348,300000,58591,30000
#00095,2017-02-26,thursday,7,11,16,19,38,39,0,28881350000,71,10000000,3839,300000,59545,30000
#00094,2017-02-24,tuesday,2,4,19,23,44,45,0,22067968000,44,10000000,2933,300000,49304,30000
#00093,2017-02-22,sunday,1,3,8,18,28,42,0,17094590500,52,10000000,3267,300000,52020,30000
#00092,2017-02-19,thursday,1,17,24,25,33,35,1,41655369000,81,10000000,3669,300000,62482,30000
#00091,2017-02-17,tuesday,12,15,25,27,37,41,0,30113481000,86,10000000,4144,300000,62854,30000
#00090,2017-02-15,sunday,4,16,19,27,29,30,0,22068008000,81,10000000,4306,300000,64569,30000
#00089,2017-02-12,thursday,4,6,12,21,23,28,0,16293746000,74,10000000,3384,300000,53287,30000
#00088,2017-02-10,tuesday,2,6,10,13,20,28,1,31054352000,122,10000000,4354,300000,65488,30000
#00087,2017-02-08,sunday,15,26,29,32,34,38,0,23731260500,110,10000000,4559,300000,71916,30000
#00086,2017-02-05,thursday,1,11,26,29,34,40,0,17097119000,49,10000000,2736,300000,46235,30000
#00085,2017-02-03,tuesday,8,17,31,32,33,39,1,22224383000,78,10000000,3313,300000,55942,30000
#00084,2017-02-01,sunday,2,10,11,18,22,33,0,16621416500,75,10000000,3383,300000,52194,30000
#00083,2017-01-29,friday,5,13,21,27,29,45,1,75850074500,145,10000000,6399,300000,101133,30000
#00082,2017-01-25,monday,6,9,14,18,28,30,0,59055061500,123,10000000,5537,300000,89125,30000
#00081,2017-01-22,friday,1,20,21,22,26,29,0,44064415000,68,10000000,3641,300000,62334,30000
#00080,2017-01-20,wednesday,1,11,31,32,34,37,0,31062333000,74,10000000,3419,300000,58607,30000
#00079,2017-01-18,monday,11,22,26,28,35,43,0,24189181500,97,10000000,4861,300000,77375,30000
#00078,2017-01-15,friday,5,25,27,29,31,43,0,17152877000,115,10000000,4520,300000,65295,30000
#00077,2017-01-13,wednesday,12,24,29,32,37,39,1,17491608500,100,10000000,4117,300000,62391,30000
#00076,2017-01-11,monday,2,8,21,29,37,45,1,28747032500,107,10000000,4412,300000,76356,30000
#00075,2017-01-08,friday,12,18,29,32,39,45,0,18718983500,74,10000000,3893,300000,67251,30000
#00074,2017-01-06,wednesday,22,30,34,36,43,45,1,30531270500,87,10000000,4203,300000,72269,30000
#00073,2017-01-04,monday,4,19,25,27,29,31,0,20148356500,95,10000000,5251,300000,87141,30000
#00072,2017-01-01,friday,9,18,24,33,36,39,1,48794185000,158,10000000,6287,300000,93921,30000
#00071,2016-12-30,friday,7,23,27,29,35,37,0,33158297500,101,10000000,5458,300000,86880,30000
#00070,2016-12-28,wednesday,2,22,25,33,38,43,0,21524698500,103,10000000,5767,300000,95614,30000
#00069,2016-12-25,sunday,5,12,20,29,34,36,2,159232985000,196,10000000,10127,300000,176792,30000
#00068,2016-12-23,friday,1,17,24,25,37,43,0,126099475000,160,10000000,8884,300000,151358,30000
#00067,2016-12-21,wednesday,3,6,12,14,18,40,0,98384793500,151,10000000,8092,300000,138149,30000
#00066,2016-12-18,sunday,3,7,30,32,41,43,0,73843316500,85,10000000,4495,300000,76179,30000
#00065,2016-12-16,friday,5,8,33,34,39,44,0,57376762500,95,10000000,4340,300000,71908,30000
#00064,2016-12-14,wednesday,5,6,12,16,26,30,0,42627154000,112,10000000,6196,300000,97449,30000
#00063,2016-12-11,sunday,2,3,4,5,22,24,0,26567247500,130,10000000,5253,300000,76756,30000
#00062,2016-12-09,friday,11,12,15,17,21,26,0,18528083000,102,10000000,5292,300000,83781,30000
#00061,2016-12-07,wednesday,13,23,27,28,32,45,1,69582180000,169,10000000,6539,300000,113471,30000
#00060,2016-12-04,sunday,3,5,13,27,38,44,0,49357581000,119,10000000,5137,300000,85135,30000
#00059,2016-12-02,friday,17,26,33,34,37,42,0,34053459000,95,10000000,4740,300000,78792,30000
#00058,2016-11-30,wednesday,6,15,17,20,23,41,0,21722316000,128,10000000,6151,300000,103216,30000
#00057,2016-11-27,sunday,12,16,17,18,22,30,1,54886916500,110,10000000,5613,300000,94353,30000
#00056,2016-11-25,friday,3,4,25,31,37,40,0,37849277000,95,10000000,5266,300000,87124,30000
#00055,2016-11-23,wednesday,2,22,23,24,28,37,0,22673898000,137,10000000,6685,300000,111913,30000
#00054,2016-11-20,sunday,9,23,33,38,41,42,1,56100126000,129,10000000,5555,300000,93293,30000
#00053,2016-11-18,friday,11,12,16,24,26,31,0,38611602000,120,10000000,6130,300000,101233,30000
#00052,2016-11-16,wednesday,1,9,17,28,43,44,0,23092467000,131,10000000,6483,300000,109092,30000
#00051,2016-11-13,sunday,11,23,25,34,36,45,1,71066641000,128,10000000,5554,300000,87443,30000
#00050,2016-11-11,friday,10,17,22,23,30,36,0,54743403000,90,10000000,4637,300000,79638,30000
#00049,2016-11-09,wednesday,2,10,14,24,25,30,0,38977855000,111,10000000,5563,300000,93158,30000
#00048,2016-11-06,sunday,4,15,16,20,26,41,0,23252753000,79,10000000,3581,300000,61079,30000
#00047,2016-11-04,friday,5,13,22,24,28,32,0,17235306000,69,10000000,3393,300000,56670,30000
#00046,2016-11-02,wednesday,3,5,8,10,13,22,1,64808542500,79,10000000,4255,300000,66894,30000
#00045,2016-10-30,sunday,7,12,25,28,40,44,0,52703398000,72,10000000,3160,300000,53369,30000
#00044,2016-10-28,friday,10,11,13,14,16,38,0,42928404000,47,10000000,3437,300000,56659,30000
#00043,2016-10-26,wednesday,1,8,16,18,21,28,0,32312328000,105,10000000,4120,300000,69563,30000
#00042,2016-10-23,sunday,2,5,12,21,22,40,0,22362082500,51,10000000,2505,300000,42746,30000
#00041,2016-10-21,friday,16,17,30,32,34,38,0,17842703500,44,10000000,1913,300000,31209,30000
#00040,2016-10-19,wednesday,2,13,15,17,18,41,0,14659178500,26,10000000,1506,300000,25582,30000
#00039,2016-10-16,sunday,5,21,31,33,38,42,1,92030182500,17,10000000,1178,300000,20388,30000
#00038,2016-10-14,friday,3,7,9,18,28,39,0,87558225500,66,10000000,2445,300000,30221,30000
#00037,2016-10-12,wednesday,2,8,15,16,19,25,0,84060767000,49,10000000,2076,300000,30595,30000
#00036,2016-10-09,sunday,2,15,20,32,33,44,0,79596879500,21,10000000,1201,300000,20344,30000
#00035,2016-10-07,friday,24,25,27,34,44,45,0,75539052000,20,10000000,1048,300000,17134,30000
#00034,2016-10-05,wednesday,5,6,19,31,42,44,0,71430098000,21,10000000,1106,300000,20845,30000
#00033,2016-10-02,sunday,16,23,27,34,35,38,0,67219887000,44,10000000,1317,300000,18578,30000
#00032,2016-09-30,friday,6,20,30,38,40,45,0,64193390500,14,10000000,957,300000,14569,30000
#00031,2016-09-28,wednesday,3,6,17,21,32,40,0,60841799500,26,10000000,1107,300000,19336,30000
#00030,2016-09-25,sunday,1,20,28,32,42,44,0,57057357500,13,10000000,730,300000,14744,30000
#00029,2016-09-23,friday,8,14,19,29,30,40,0,53733170500,24,10000000,1012,300000,15853,30000
#00028,2016-09-21,wednesday,5,12,15,30,37,41,0,50637656500,17,10000000,951,300000,16757,30000
#00027,2016-09-18,sunday,7,10,17,20,25,32,0,47104438000,22,10000000,1009,300000,15864,30000
#00026,2016-09-16,friday,4,5,6,23,31,34,0,44453054500,12,10000000,673,300000,12773,30000
#00025,2016-09-14,wednesday,2,11,14,23,25,32,0,41528788000,36,10000000,1363,300000,19385,30000
#00024,2016-09-11,sunday,6,9,10,18,20,31,0,38971774000,13,10000000,846,300000,13890,30000
#00023,2016-09-09,friday,7,13,16,18,31,32,0,36597883000,24,10000000,813,300000,14666,30000
#00022,2016-09-07,wednesday,6,8,12,13,15,19,0,34202887000,43,10000000,1214,300000,17170,30000
#00021,2016-09-04,sunday,11,15,20,24,27,45,0,32087986000,7,10000000,635,300000,10382,30000
#00020,2016-09-02,friday,9,13,24,35,36,41,0,29958428500,17,10000000,649,300000,11459,30000
#00019,2016-08-31,wednesday,8,20,21,31,34,39,0,27868784500,18,10000000,613,300000,11047,30000
#00018,2016-08-28,sunday,4,6,10,15,16,44,0,25624053000,9,10000000,474,300000,9099,30000
#00017,2016-08-26,friday,10,36,39,43,44,45,0,24214106500,12,10000000,371,300000,7733,30000
#00016,2016-08-24,wednesday,8,17,21,23,36,40,0,23139377500,15,10000000,599,300000,10625,30000
#00015,2016-08-21,sunday,13,21,24,25,29,44,0,21982877500,5,10000000,569,300000,9629,30000
#00014,2016-08-19,friday,11,12,17,33,34,36,0,21032293000,15,10000000,608,300000,10440,30000
#00013,2016-08-17,wednesday,2,4,9,19,21,26,0,20253396500,8,10000000,673,300000,10472,30000
#00012,2016-08-14,sunday,13,16,17,29,31,37,0,19290861000,26,10000000,902,300000,10113,30000
#00011,2016-08-12,friday,28,31,34,37,38,41,0,18841509500,6,10000000,350,300000,6440,30000
#00010,2016-08-10,wednesday,6,15,16,19,27,30,0,17952978000,9,10000000,557,300000,9195,30000
#00009,2016-08-07,sunday,3,5,17,22,30,31,0,17164580000,6,10000000,351,300000,5788,30000
#00008,2016-08-05,friday,3,9,13,18,24,31,0,16409266000,9,10000000,513,300000,8032,30000
#00007,2016-08-03,wednesday,7,10,25,27,29,40,0,15791342500,12,10000000,496,300000,7254,30000
#00006,2016-07-31,sunday,2,6,19,21,35,39,0,15121387000,5,10000000,446,300000,7000,30000
#00005,2016-07-29,friday,3,8,13,20,30,36,0,14565346500,5,10000000,310,300000,5170,30000
#00004,2016-07-27,wednesday,14,17,21,25,31,37,0,13942033000,5,10000000,333,300000,5431,30000
#00003,2016-07-24,sunday,1,10,16,18,23,38,0,13271044500,5,10000000,323,300000,5182,30000
#00002,2016-07-22,friday,3,4,14,20,25,35,0,12858704500,1,10000000,148,300000,3276,30000
#00001,2016-07-20,wednesday,2,17,33,37,38,45,0,12357724500,3,10000000,222,300000,4242,30000
